Date,Product Name,Quantity,Unit Cost
4/23/2024,100ML VANILLA,203,13
4/23/2024,150ML VANILLA,132,20.7
4/23/2024,100ML STRAWBERRY,183,13
4/23/2024,250ML STRAWBERRY,111,30
4/23/2024,500ML STRAWBERRY,78,59
4/24/2024,100ML VANILLA,157,13
4/24/2024,150ML VANILLA,98,20.7
4/24/2024,500ML VANILLA,79,59
4/24/2024,100ML STRAWBERRY,135,13
4/24/2024,150ML STRAWBERRY,82,20.7
4/24/2024,500ML STRAWBERRY,71,59
4/24/2024,5L STRAWBERRY,9,450
4/25/2024,100ML VANILLA,165,13
4/25/2024,150ML VANILLA,115,20.7
4/25/2024,500ML VANILLA,73,59
4/25/2024,250ML STRAWBERRY,96,30
4/25/2024,500ML STRAWBERRY,69,59
4/25/2024,5L STRAWBERRY,10,450
4/26/2024,100ML VANILLA,137,13
4/26/2024,250ML VANILLA,92,30
4/26/2024,100ML STRAWBERRY,130,13
4/26/2024,250ML STRAWBERRY,83,30
4/26/2024,500ML STRAWBERRY,56,59
4/26/2024,5L STRAWBERRY,10,450
4/27/2024,100ML VANILLA,135,13
4/27/2024,250ML VANILLA,96,30
4/27/2024,500ML VANILLA,86,59
4/27/2024,100ML STRAWBERRY,127,13
4/27/2024,250ML STRAWBERRY,95,30
4/27/2024,500ML STRAWBERRY,55,59
4/27/2024,5L STRAWBERRY,9,450
4/28/2024,100ML VANILLA,133,13
4/28/2024,250ML VANILLA,117,30
4/28/2024,500ML VANILLA,79,59
4/28/2024,100ML STRAWBERRY,140,13
4/28/2024,150ML STRAWBERRY,81,20.7
4/28/2024,500ML STRAWBERRY,63,59
4/29/2024,100ML VANILLA,194,13
4/29/2024,250ML VANILLA,165,30
4/29/2024,500ML VANILLA,86,59
4/29/2024,100ML STRAWBERRY,150,13
4/29/2024,150ML STRAWBERRY,128,20.7
4/29/2024,250ML STRAWBERRY,128,30
4/29/2024,500ML STRAWBERRY,74,59
4/29/2024,5L STRAWBERRY,15,450
4/30/2024,100ML VANILLA,226,13
4/30/2024,250ML VANILLA,122,30
4/30/2024,500ML VANILLA,107,59
4/30/2024,100ML STRAWBERRY,157,13
4/30/2024,250ML STRAWBERRY,105,30
4/30/2024,500ML STRAWBERRY,81,59
4/30/2024,5L STRAWBERRY,15,450
5/1/2024,100ML VANILLA,148,13
5/1/2024,250ML VANILLA,117,30
5/1/2024,500ML VANILLA,71,59
5/1/2024,100ML STRAWBERRY,127,13
5/1/2024,150ML STRAWBERRY,95,20.7
5/1/2024,500ML STRAWBERRY,68,59
5/1/2024,5L STRAWBERRY,9,450
5/2/2024,100ML VANILLA,125,13
5/2/2024,250ML VANILLA,116,30
5/2/2024,500ML VANILLA,69,59
5/2/2024,100ML STRAWBERRY,135,13
5/2/2024,250ML STRAWBERRY,77,30
5/2/2024,500ML STRAWBERRY,54,59
5/2/2024,5L STRAWBERRY,11,450
5/3/2024,100ML VANILLA,150,13
5/3/2024,250ML VANILLA,97,30
5/3/2024,500ML VANILLA,72,59
5/3/2024,100ML STRAWBERRY,126,13
5/3/2024,250ML STRAWBERRY,80,30
5/3/2024,500ML STRAWBERRY,71,59
5/3/2024,5L STRAWBERRY,10,450
5/4/2024,100ML VANILLA,132,13
5/4/2024,250ML VANILLA,102,30
5/4/2024,500ML VANILLA,68,59
5/4/2024,100ML STRAWBERRY,110,13
5/4/2024,250ML STRAWBERRY,78,30
5/4/2024,500ML STRAWBERRY,67,59
5/4/2024,5L STRAWBERRY,9,450
5/5/2024,100ML VANILLA,135,13
5/5/2024,250ML VANILLA,120,30
5/5/2024,500ML VANILLA,74,59
5/5/2024,100ML STRAWBERRY,134,13
5/5/2024,150ML STRAWBERRY,78,20.7
5/5/2024,500ML STRAWBERRY,61,59
5/5/2024,5L STRAWBERRY,11,450
5/6/2024,100ML VANILLA,226,13
5/6/2024,250ML VANILLA,139,30
5/6/2024,500ML VANILLA,111,59
5/6/2024,100ML STRAWBERRY,155,13
5/6/2024,150ML STRAWBERRY,115,20.7
5/6/2024,500ML STRAWBERRY,76,59
5/6/2024,5L STRAWBERRY,13,450
5/7/2024,100ML VANILLA,199,13
5/7/2024,250ML VANILLA,162,30
5/7/2024,500ML VANILLA,112,59
5/7/2024,100ML STRAWBERRY,183,13
5/7/2024,250ML STRAWBERRY,116,30
5/7/2024,500ML STRAWBERRY,79,59
5/7/2024,5L STRAWBERRY,13,450
5/8/2024,100ML VANILLA,138,13
5/8/2024,250ML VANILLA,105,30
5/8/2024,500ML VANILLA,82,59
5/8/2024,100ML STRAWBERRY,127,13
5/8/2024,250ML STRAWBERRY,79,30
5/8/2024,500ML STRAWBERRY,71,59
5/8/2024,5L STRAWBERRY,10,450
5/9/2024,100ML VANILLA,132,13
5/9/2024,250ML VANILLA,104,30
5/9/2024,500ML VANILLA,65,59
5/9/2024,100ML STRAWBERRY,108,13
5/9/2024,250ML STRAWBERRY,90,30
5/9/2024,500ML STRAWBERRY,56,59
5/9/2024,5L STRAWBERRY,11,450
5/10/2024,100ML VANILLA,155,13
5/10/2024,250ML VANILLA,104,30
5/10/2024,500ML VANILLA,73,59
5/10/2024,100ML STRAWBERRY,114,13
5/10/2024,250ML STRAWBERRY,81,30
5/10/2024,500ML STRAWBERRY,66,59
5/10/2024,5L STRAWBERRY,9,450
5/11/2024,100ML VANILLA,132,13
5/11/2024,250ML VANILLA,118,30
5/11/2024,500ML VANILLA,65,59
5/11/2024,100ML STRAWBERRY,113,13
5/11/2024,250ML STRAWBERRY,95,30
5/11/2024,500ML STRAWBERRY,59,59
5/11/2024,5L STRAWBERRY,11,450
5/12/2024,100ML VANILLA,150,13
5/12/2024,250ML VANILLA,107,30
5/12/2024,500ML VANILLA,82,59
5/12/2024,100ML STRAWBERRY,127,13
5/12/2024,250ML STRAWBERRY,76,30
5/12/2024,500ML STRAWBERRY,56,59
5/12/2024,5L STRAWBERRY,9,450
5/13/2024,100ML VANILLA,213,13
5/13/2024,250ML VANILLA,148,30
5/13/2024,500ML VANILLA,99,59
5/13/2024,100ML STRAWBERRY,182,13
5/13/2024,250ML STRAWBERRY,115,30
5/13/2024,500ML STRAWBERRY,72,59
5/13/2024,5L STRAWBERRY,14,450
5/14/2024,100ML VANILLA,218,13
5/14/2024,150ML VANILLA,135,20.7
5/14/2024,500ML VANILLA,87,59
5/14/2024,100ML STRAWBERRY,190,13
5/14/2024,150ML STRAWBERRY,130,20.7
5/14/2024,500ML STRAWBERRY,74,59
5/14/2024,5L STRAWBERRY,12,450
5/15/2024,250ML VANILLA,118,30
5/15/2024,500ML VANILLA,68,59
5/15/2024,100ML STRAWBERRY,133,13
5/15/2024,250ML STRAWBERRY,86,30
5/16/2024,100ML VANILLA,161,13
5/16/2024,250ML VANILLA,91,30
5/16/2024,500ML VANILLA,69,59
5/16/2024,100ML STRAWBERRY,134,13
5/16/2024,250ML STRAWBERRY,95,30
5/16/2024,500ML STRAWBERRY,66,59
5/17/2024,100ML VANILLA,136,13
5/17/2024,250ML VANILLA,105,30
5/17/2024,500ML VANILLA,81,59
5/17/2024,100ML STRAWBERRY,106,13
5/17/2024,250ML STRAWBERRY,82,30
5/17/2024,150ML STRAWBERRY,82,20.7
5/17/2024,500ML STRAWBERRY,71,59
5/17/2024,5L STRAWBERRY,10,450
5/18/2024,100ML VANILLA,172,13
5/18/2024,250ML VANILLA,118,30
5/18/2024,500ML VANILLA,84,59
5/18/2024,100ML STRAWBERRY,141,13
5/18/2024,150ML STRAWBERRY,78,20.7
5/18/2024,500ML STRAWBERRY,67,59
5/18/2024,5L STRAWBERRY,10,450
5/19/2024,100ML VANILLA,146,13
5/19/2024,250ML VANILLA,99,30
5/19/2024,500ML VANILLA,62,59
5/19/2024,100ML STRAWBERRY,126,13
5/19/2024,150ML STRAWBERRY,94,20.7
5/19/2024,500ML STRAWBERRY,58,59
5/19/2024,5L STRAWBERRY,11,450
5/20/2024,100ML VANILLA,189,13
5/20/2024,250ML VANILLA,153,30
5/20/2024,500ML VANILLA,96,59
5/20/2024,100ML STRAWBERRY,164,13
5/20/2024,250ML STRAWBERRY,106,30
5/20/2024,500ML STRAWBERRY,95,59
5/20/2024,5L STRAWBERRY,15,450
5/21/2024,100ML VANILLA,193,13
5/21/2024,250ML VANILLA,123,30
5/21/2024,500ML VANILLA,100,59
5/21/2024,100ML STRAWBERRY,178,13
5/21/2024,250ML STRAWBERRY,115,30
5/21/2024,500ML STRAWBERRY,82,59
5/21/2024,5L STRAWBERRY,14,450
5/22/2024,100ML VANILLA,133,13
5/22/2024,250ML VANILLA,111,30
5/22/2024,500ML VANILLA,82,59
5/22/2024,100ML STRAWBERRY,130,13
5/22/2024,250ML STRAWBERRY,77,30
5/22/2024,500ML STRAWBERRY,58,59
5/22/2024,5L STRAWBERRY,11,450
5/23/2024,100ML VANILLA,147,13
5/23/2024,150ML VANILLA,97,20.7
5/23/2024,500ML VANILLA,75,59
5/23/2024,100ML STRAWBERRY,126,13
5/23/2024,250ML STRAWBERRY,93,30
5/23/2024,500ML STRAWBERRY,56,59
5/23/2024,5L STRAWBERRY,9,450
5/24/2024,100ML VANILLA,116,13
5/24/2024,250ML VANILLA,77,30
5/24/2024,500ML VANILLA,58,59
5/24/2024,100ML STRAWBERRY,101,13
5/24/2024,250ML STRAWBERRY,69,30
5/24/2024,500ML STRAWBERRY,55,59
5/24/2024,5L STRAWBERRY,8,450
5/25/2024,100ML VANILLA,131,13
5/25/2024,250ML VANILLA,94,30
5/25/2024,500ML VANILLA,59,59
5/25/2024,100ML STRAWBERRY,92,13
5/25/2024,250ML STRAWBERRY,75,30
5/25/2024,500ML STRAWBERRY,51,59
5/25/2024,5L STRAWBERRY,7,450
5/26/2024,100ML VANILLA,111,13
5/26/2024,250ML VANILLA,84,30
5/26/2024,500ML VANILLA,55,59
5/26/2024,100ML STRAWBERRY,102,13
5/26/2024,250ML STRAWBERRY,68,30
5/26/2024,500ML STRAWBERRY,48,59
5/26/2024,5L STRAWBERRY,8,450
5/27/2024,100ML VANILLA,165,13
5/27/2024,150ML VANILLA,125,20.7
5/27/2024,500ML VANILLA,75,59
5/27/2024,100ML STRAWBERRY,127,13
5/27/2024,250ML STRAWBERRY,101,30
5/27/2024,500ML STRAWBERRY,65,59
5/27/2024,5L STRAWBERRY,11,450
5/28/2024,100ML VANILLA,146,13
5/28/2024,250ML VANILLA,108,30
5/28/2024,150ML VANILLA,108,20.7
5/28/2024,500ML VANILLA,77,59
5/28/2024,100ML STRAWBERRY,128,13
5/28/2024,250ML STRAWBERRY,91,30
5/28/2024,500ML STRAWBERRY,67,59
5/28/2024,5L STRAWBERRY,10,450
5/29/2024,100ML VANILLA,103,13
5/29/2024,250ML VANILLA,76,30
5/29/2024,500ML VANILLA,52,59
5/29/2024,100ML STRAWBERRY,91,13
5/29/2024,250ML STRAWBERRY,75,30
5/29/2024,500ML STRAWBERRY,53,59
5/29/2024,5L STRAWBERRY,7,450
5/30/2024,100ML VANILLA,103,13
5/30/2024,250ML VANILLA,97,30
5/30/2024,500ML VANILLA,62,59
5/30/2024,100ML STRAWBERRY,103,13
5/30/2024,250ML STRAWBERRY,78,30
5/30/2024,500ML STRAWBERRY,42,59
5/30/2024,5L STRAWBERRY,7,450
5/31/2024,100ML VANILLA,120,13
5/31/2024,250ML VANILLA,89,30
5/31/2024,500ML VANILLA,54,59
5/31/2024,100ML STRAWBERRY,104,13
5/31/2024,250ML STRAWBERRY,74,30
5/31/2024,500ML STRAWBERRY,42,59
5/31/2024,5L STRAWBERRY,8,450
6/1/2024,100ML VANILLA,136,13
6/1/2024,250ML VANILLA,88,30
6/1/2024,500ML VANILLA,63,59
6/1/2024,100ML STRAWBERRY,87,13
6/1/2024,250ML STRAWBERRY,77,30
6/1/2024,500ML STRAWBERRY,43,59
6/1/2024,5L STRAWBERRY,9,450
6/2/2024,100ML VANILLA,117,13
6/2/2024,250ML VANILLA,85,30
6/2/2024,500ML VANILLA,65,59
6/2/2024,100ML STRAWBERRY,85,13
6/2/2024,250ML STRAWBERRY,71,30
6/2/2024,500ML STRAWBERRY,53,59
6/2/2024,5L STRAWBERRY,8,450
6/3/2024,100ML VANILLA,148,13
6/3/2024,250ML VANILLA,116,30
6/3/2024,500ML VANILLA,79,59
6/3/2024,100ML STRAWBERRY,123,13
6/3/2024,250ML STRAWBERRY,101,30
6/3/2024,500ML STRAWBERRY,74,59
6/3/2024,5L STRAWBERRY,11,450
6/4/2024,100ML VANILLA,150,13
6/4/2024,250ML VANILLA,124,30
6/4/2024,500ML VANILLA,73,59
6/4/2024,100ML STRAWBERRY,125,13
6/4/2024,250ML STRAWBERRY,99,30
6/4/2024,500ML STRAWBERRY,56,59
6/4/2024,5L STRAWBERRY,9,450
6/5/2024,100ML VANILLA,118,13
6/5/2024,250ML VANILLA,89,30
6/5/2024,500ML VANILLA,59,59
6/5/2024,100ML STRAWBERRY,87,13
6/5/2024,250ML STRAWBERRY,73,30
6/5/2024,500ML STRAWBERRY,51,59
6/5/2024,5L STRAWBERRY,8,450
6/6/2024,100ML VANILLA,128,13
6/6/2024,250ML VANILLA,89,30
6/6/2024,500ML VANILLA,54,59
6/6/2024,100ML STRAWBERRY,89,13
6/6/2024,250ML STRAWBERRY,70,30
6/6/2024,500ML STRAWBERRY,45,59
6/6/2024,5L STRAWBERRY,8,450
6/7/2024,100ML VANILLA,137,13
6/7/2024,250ML VANILLA,77,30
6/7/2024,500ML VANILLA,54,59
6/7/2024,100ML STRAWBERRY,87,13
6/7/2024,250ML STRAWBERRY,70,30
6/7/2024,500ML STRAWBERRY,57,59
6/7/2024,5L STRAWBERRY,8,450
6/8/2024,100ML VANILLA,133,13
6/8/2024,250ML VANILLA,94,30
6/8/2024,500ML VANILLA,60,59
6/8/2024,100ML STRAWBERRY,88,13
6/8/2024,250ML STRAWBERRY,79,30
6/8/2024,500ML STRAWBERRY,55,59
6/8/2024,5L STRAWBERRY,7,450
6/9/2024,100ML VANILLA,102,13
6/9/2024,250ML VANILLA,86,30
6/9/2024,500ML VANILLA,67,59
6/9/2024,100ML STRAWBERRY,108,13
6/9/2024,250ML STRAWBERRY,75,30
6/9/2024,500ML STRAWBERRY,50,59
6/9/2024,5L STRAWBERRY,8,450
6/10/2024,100ML VANILLA,184,13
6/10/2024,250ML VANILLA,119,30
6/10/2024,500ML VANILLA,84,59
6/10/2024,100ML STRAWBERRY,122,13
6/10/2024,250ML STRAWBERRY,97,30
6/10/2024,500ML STRAWBERRY,59,59
6/10/2024,5L STRAWBERRY,9,450
6/11/2024,100ML VANILLA,165,13
6/11/2024,250ML VANILLA,105,30
6/11/2024,500ML VANILLA,86,59
6/11/2024,100ML STRAWBERRY,138,13
6/11/2024,250ML STRAWBERRY,102,30
6/11/2024,500ML STRAWBERRY,69,59
6/11/2024,5L STRAWBERRY,11,450
6/12/2024,100ML VANILLA,122,13
6/12/2024,150ML VANILLA,90,20.7
6/12/2024,250ML VANILLA,90,30
6/12/2024,500ML VANILLA,54,59
6/12/2024,100ML STRAWBERRY,107,13
6/12/2024,250ML STRAWBERRY,64,30
6/12/2024,500ML STRAWBERRY,52,59
6/12/2024,5L STRAWBERRY,9,450
6/13/2024,100ML VANILLA,116,13
6/13/2024,250ML VANILLA,74,30
6/13/2024,150ML VANILLA,74,20.7
6/13/2024,500ML VANILLA,56,59
6/13/2024,100ML STRAWBERRY,85,13
6/13/2024,150ML STRAWBERRY,77,20.7
6/13/2024,250ML STRAWBERRY,77,30
6/13/2024,500ML STRAWBERRY,54,59
6/13/2024,5L STRAWBERRY,8,450
6/14/2024,100ML VANILLA,103,13
6/14/2024,250ML VANILLA,84,30
6/14/2024,500ML VANILLA,66,59
6/14/2024,100ML STRAWBERRY,102,13
6/14/2024,250ML STRAWBERRY,68,30
6/14/2024,500ML STRAWBERRY,48,59
6/14/2024,5L STRAWBERRY,8,450
6/15/2024,100ML VANILLA,114,13
6/15/2024,250ML VANILLA,77,30
6/15/2024,500ML VANILLA,66,59
6/15/2024,100ML STRAWBERRY,98,13
6/15/2024,250ML STRAWBERRY,64,30
6/15/2024,500ML STRAWBERRY,49,59
6/15/2024,5L STRAWBERRY,9,450
6/16/2024,100ML VANILLA,122,13
6/16/2024,250ML VANILLA,77,30
6/16/2024,500ML VANILLA,64,59
6/16/2024,100ML STRAWBERRY,106,13
6/16/2024,250ML STRAWBERRY,69,30
6/16/2024,500ML STRAWBERRY,49,59
6/16/2024,5L STRAWBERRY,7,450
6/17/2024,100ML VANILLA,166,13
6/17/2024,150ML VANILLA,104,20.7
6/17/2024,250ML VANILLA,104,30
6/17/2024,500ML VANILLA,80,59
6/17/2024,100ML STRAWBERRY,150,13
6/17/2024,150ML STRAWBERRY,91,20.7
6/17/2024,250ML STRAWBERRY,91,30
6/17/2024,500ML STRAWBERRY,74,59
6/17/2024,5L STRAWBERRY,12,450
6/18/2024,100ML VANILLA,149,13
6/18/2024,250ML VANILLA,130,30
6/18/2024,500ML VANILLA,82,59
6/18/2024,100ML STRAWBERRY,152,13
6/18/2024,250ML STRAWBERRY,103,30
6/18/2024,500ML STRAWBERRY,62,59
6/18/2024,5L STRAWBERRY,10,450
6/19/2024,100ML VANILLA,118,13
6/19/2024,150ML VANILLA,79,20.7
6/19/2024,250ML VANILLA,79,30
6/19/2024,500ML VANILLA,59,59
6/19/2024,100ML STRAWBERRY,98,13
6/19/2024,150ML STRAWBERRY,71,20.7
6/19/2024,250ML STRAWBERRY,71,30
6/19/2024,500ML STRAWBERRY,51,59
6/19/2024,5L STRAWBERRY,8,450
6/20/2024,100ML VANILLA,109,13
6/20/2024,150ML VANILLA,86,20.7
6/20/2024,250ML VANILLA,86,30
6/20/2024,500ML VANILLA,63,59
6/20/2024,100ML STRAWBERRY,107,13
6/20/2024,150ML STRAWBERRY,76,20.7
6/20/2024,250ML STRAWBERRY,76,30
6/20/2024,500ML STRAWBERRY,52,59
6/20/2024,5L STRAWBERRY,9,450
6/21/2024,100ML VANILLA,105,13
6/21/2024,250ML VANILLA,85,30
6/21/2024,500ML VANILLA,67,59
6/21/2024,100ML STRAWBERRY,101,13
6/21/2024,250ML STRAWBERRY,75,30
6/21/2024,500ML STRAWBERRY,51,59
6/21/2024,5L STRAWBERRY,2,450
6/22/2024,100ML VANILLA,114,13
6/22/2024,150ML VANILLA,87,20.7
6/22/2024,250ML VANILLA,87,30
6/22/2024,500ML VANILLA,65,59
6/22/2024,100ML STRAWBERRY,96,13
6/22/2024,150ML STRAWBERRY,74,20.7
6/22/2024,250ML STRAWBERRY,74,30
6/22/2024,500ML STRAWBERRY,54,59
6/22/2024,5L STRAWBERRY,7,450
6/23/2024,100ML VANILLA,130,13
6/23/2024,150ML VANILLA,91,20.7
6/23/2024,250ML VANILLA,91,30
6/23/2024,500ML VANILLA,53,59
6/23/2024,100ML STRAWBERRY,111,13
6/23/2024,150ML STRAWBERRY,72,20.7
6/23/2024,250ML STRAWBERRY,72,30
6/23/2024,500ML STRAWBERRY,43,59
6/23/2024,5L STRAWBERRY,8,450
6/24/2024,100ML VANILLA,146,13
6/24/2024,250ML VANILLA,116,30
6/24/2024,500ML VANILLA,71,59
6/24/2024,100ML STRAWBERRY,150,13
6/24/2024,250ML STRAWBERRY,85,30
6/24/2024,500ML STRAWBERRY,61,59
6/24/2024,5L STRAWBERRY,10,450
6/25/2024,100ML VANILLA,137,13
6/25/2024,250ML VANILLA,128,30
6/25/2024,500ML VANILLA,73,59
6/25/2024,100ML STRAWBERRY,130,13
6/25/2024,250ML STRAWBERRY,99,30
6/25/2024,500ML STRAWBERRY,61,59
6/25/2024,5L STRAWBERRY,10,450
6/26/2024,100ML VANILLA,118,13
6/26/2024,250ML VANILLA,87,30
6/26/2024,500ML VANILLA,68,59
6/26/2024,100ML STRAWBERRY,114,13
6/26/2024,250ML STRAWBERRY,66,30
6/26/2024,500ML STRAWBERRY,52,59
6/26/2024,5L STRAWBERRY,7,450
6/27/2024,100ML VANILLA,117,13
6/27/2024,250ML VANILLA,79,30
6/27/2024,500ML VANILLA,62,59
6/27/2024,100ML STRAWBERRY,104,13
6/27/2024,250ML STRAWBERRY,73,30
6/27/2024,500ML STRAWBERRY,51,59
6/27/2024,5L STRAWBERRY,8,450
6/28/2024,100ML VANILLA,125,13
6/28/2024,150ML VANILLA,84,20.7
6/28/2024,250ML VANILLA,84,30
6/28/2024,500ML VANILLA,63,59
6/28/2024,100ML STRAWBERRY,93,13
6/28/2024,150ML STRAWBERRY,62,20.7
6/28/2024,250ML STRAWBERRY,62,30
6/28/2024,500ML STRAWBERRY,49,59
6/28/2024,5L STRAWBERRY,8,450
6/29/2024,100ML VANILLA,131,13
6/29/2024,250ML VANILLA,94,30
6/29/2024,500ML VANILLA,65,59
6/29/2024,100ML STRAWBERRY,93,13
6/29/2024,250ML STRAWBERRY,78,30
6/29/2024,500ML STRAWBERRY,56,59
6/29/2024,5L STRAWBERRY,8,450
6/30/2024,100ML VANILLA,135,13
6/30/2024,250ML VANILLA,81,30
6/30/2024,500ML VANILLA,52,59
6/30/2024,100ML STRAWBERRY,99,13
6/30/2024,250ML STRAWBERRY,74,30
6/30/2024,500ML STRAWBERRY,53,59
6/30/2024,5L STRAWBERRY,7,450
7/1/2024,100ML VANILLA,136,13
7/1/2024,150ML VANILLA,114,20.7
7/1/2024,250ML VANILLA,114,30
7/1/2024,500ML VANILLA,72,59
7/1/2024,100ML STRAWBERRY,144,13
7/1/2024,150ML STRAWBERRY,90,20.7
7/1/2024,250ML STRAWBERRY,90,30
7/1/2024,500ML STRAWBERRY,58,59
7/1/2024,5L STRAWBERRY,10,450
7/2/2024,100ML VANILLA,140,13
7/2/2024,250ML VANILLA,103,30
7/2/2024,500ML VANILLA,85,59
7/2/2024,100ML STRAWBERRY,153,13
7/2/2024,250ML STRAWBERRY,100,30
7/2/2024,500ML STRAWBERRY,64,59
7/2/2024,5L STRAWBERRY,11,450
7/3/2024,100ML VANILLA,132,13
7/3/2024,250ML VANILLA,82,30
7/3/2024,500ML VANILLA,67,59
7/3/2024,100ML STRAWBERRY,88,13
7/3/2024,250ML STRAWBERRY,69,30
7/3/2024,500ML STRAWBERRY,48,59
7/3/2024,5L STRAWBERRY,7,450
7/4/2024,100ML VANILLA,133,13
7/4/2024,250ML VANILLA,89,30
7/4/2024,500ML VANILLA,60,59
7/4/2024,100ML STRAWBERRY,108,13
7/4/2024,250ML STRAWBERRY,63,30
7/4/2024,500ML STRAWBERRY,43,59
7/4/2024,5L STRAWBERRY,7,450
7/5/2024,100ML VANILLA,133,13
7/5/2024,150ML VANILLA,74,20.7
7/5/2024,250ML VANILLA,74,30
7/5/2024,500ML VANILLA,50,59
7/5/2024,100ML STRAWBERRY,88,13
7/5/2024,150ML STRAWBERRY,64,20.7
7/5/2024,250ML STRAWBERRY,64,30
7/5/2024,500ML STRAWBERRY,51,59
7/5/2024,5L STRAWBERRY,7,450
7/6/2024,100ML VANILLA,111,13
7/6/2024,250ML VANILLA,75,30
7/6/2024,500ML VANILLA,65,59
7/6/2024,100ML STRAWBERRY,108,13
7/6/2024,250ML STRAWBERRY,76,30
7/6/2024,500ML STRAWBERRY,45,59
7/6/2024,5L STRAWBERRY,9,450
7/7/2024,100ML VANILLA,128,13
7/7/2024,250ML VANILLA,86,30
7/7/2024,500ML VANILLA,66,59
7/7/2024,100ML STRAWBERRY,100,13
7/7/2024,250ML STRAWBERRY,74,30
7/7/2024,500ML STRAWBERRY,55,59
7/7/2024,5L STRAWBERRY,7,450
7/8/2024,100ML VANILLA,141,13
7/8/2024,250ML VANILLA,120,30
7/8/2024,500ML VANILLA,74,59
7/8/2024,100ML STRAWBERRY,137,13
7/8/2024,250ML STRAWBERRY,95,30
7/8/2024,500ML STRAWBERRY,70,59
7/8/2024,5L STRAWBERRY,11,450
7/9/2024,100ML VANILLA,171,13
7/9/2024,250ML VANILLA,112,30
7/9/2024,500ML VANILLA,78,59
7/9/2024,100ML STRAWBERRY,129,13
7/9/2024,250ML STRAWBERRY,93,30
7/9/2024,500ML STRAWBERRY,64,59
7/9/2024,5L STRAWBERRY,12,450
7/10/2024,100ML VANILLA,129,13
7/10/2024,250ML VANILLA,75,30
7/10/2024,500ML VANILLA,66,59
7/10/2024,100ML STRAWBERRY,103,13
7/10/2024,250ML STRAWBERRY,65,30
7/10/2024,500ML STRAWBERRY,48,59
7/10/2024,5L STRAWBERRY,8,450
7/11/2024,100ML VANILLA,124,13
7/11/2024,250ML VANILLA,88,30
7/11/2024,500ML VANILLA,61,59
7/11/2024,100ML STRAWBERRY,104,13
7/11/2024,250ML STRAWBERRY,61,30
7/11/2024,500ML STRAWBERRY,48,59
7/11/2024,5L STRAWBERRY,8,450
7/12/2024,100ML VANILLA,128,13
7/12/2024,250ML VANILLA,93,30
7/12/2024,500ML VANILLA,61,59
7/12/2024,100ML STRAWBERRY,111,13
7/12/2024,250ML STRAWBERRY,65,30
7/12/2024,500ML STRAWBERRY,53,59
7/12/2024,5L STRAWBERRY,7,450
7/13/2024,100ML VANILLA,134,13
7/13/2024,250ML VANILLA,81,30
7/13/2024,500ML VANILLA,61,59
7/13/2024,100ML STRAWBERRY,106,13
7/13/2024,250ML STRAWBERRY,69,30
7/13/2024,500ML STRAWBERRY,48,59
7/13/2024,5L STRAWBERRY,9,450
7/14/2024,100ML VANILLA,102,13
7/14/2024,250ML VANILLA,77,30
7/14/2024,500ML VANILLA,63,59
7/14/2024,100ML STRAWBERRY,106,13
7/14/2024,250ML STRAWBERRY,69,30
7/14/2024,500ML STRAWBERRY,53,59
7/14/2024,5L STRAWBERRY,8,450
7/15/2024,100ML VANILLA,172,13
7/15/2024,250ML VANILLA,117,30
7/15/2024,500ML VANILLA,79,59
7/15/2024,100ML STRAWBERRY,116,13
7/15/2024,250ML STRAWBERRY,85,30
7/15/2024,500ML STRAWBERRY,63,59
7/15/2024,5L STRAWBERRY,9,450
7/16/2024,100ML VANILLA,148,13
7/16/2024,250ML VANILLA,123,30
7/16/2024,500ML VANILLA,88,59
7/16/2024,100ML STRAWBERRY,116,13
7/16/2024,250ML STRAWBERRY,79,30
7/16/2024,500ML STRAWBERRY,75,59
7/16/2024,5L STRAWBERRY,11,450
7/17/2024,100ML VANILLA,128,13
7/17/2024,250ML VANILLA,73,30
7/17/2024,500ML VANILLA,56,59
7/17/2024,100ML STRAWBERRY,102,13
7/17/2024,250ML STRAWBERRY,77,30
7/17/2024,500ML STRAWBERRY,55,59
7/17/2024,5L STRAWBERRY,8,450
7/18/2024,100ML VANILLA,117,13
7/18/2024,250ML VANILLA,81,30
7/18/2024,500ML VANILLA,55,59
7/18/2024,100ML STRAWBERRY,90,13
7/18/2024,250ML STRAWBERRY,79,30
7/18/2024,500ML STRAWBERRY,53,59
7/18/2024,5L STRAWBERRY,9,450
7/19/2024,100ML VANILLA,107,13
7/19/2024,250ML VANILLA,87,30
7/19/2024,500ML VANILLA,62,59
7/19/2024,100ML STRAWBERRY,109,13
7/19/2024,250ML STRAWBERRY,75,30
7/19/2024,500ML STRAWBERRY,48,59
7/19/2024,5L STRAWBERRY,8,450
7/20/2024,100ML VANILLA,123,13
7/20/2024,250ML VANILLA,87,30
7/20/2024,500ML VANILLA,53,59
7/20/2024,100ML STRAWBERRY,94,13
7/20/2024,250ML STRAWBERRY,62,30
7/20/2024,500ML STRAWBERRY,48,59
7/20/2024,5L STRAWBERRY,7,450
7/21/2024,100ML VANILLA,104,13
7/21/2024,250ML VANILLA,94,30
7/21/2024,500ML VANILLA,61,59
7/21/2024,100ML STRAWBERRY,101,13
7/21/2024,250ML STRAWBERRY,79,30
7/21/2024,500ML STRAWBERRY,55,59
7/21/2024,5L STRAWBERRY,8,450
7/22/2024,100ML VANILLA,172,13
7/22/2024,250ML VANILLA,120,30
7/22/2024,500ML VANILLA,94,59
7/22/2024,100ML STRAWBERRY,162,13
7/22/2024,250ML STRAWBERRY,107,30
7/22/2024,500ML STRAWBERRY,81,59
7/22/2024,5L STRAWBERRY,12,450
7/23/2024,100ML VANILLA,186,13
7/23/2024,250ML VANILLA,134,30
7/23/2024,500ML VANILLA,107,59
7/23/2024,100ML STRAWBERRY,140,13
7/23/2024,250ML STRAWBERRY,121,30
7/23/2024,500ML STRAWBERRY,88,59
7/23/2024,5L STRAWBERRY,14,450
7/24/2024,100ML VANILLA,140,13
7/24/2024,150ML VANILLA,93,20.7
7/24/2024,250ML VANILLA,93,30
7/24/2024,500ML VANILLA,83,59
7/24/2024,100ML STRAWBERRY,118,13
7/24/2024,150ML STRAWBERRY,96,20.7
7/24/2024,250ML STRAWBERRY,96,30
7/24/2024,500ML STRAWBERRY,58,59
7/24/2024,5L STRAWBERRY,11,450
7/25/2024,100ML VANILLA,159,13
7/25/2024,250ML VANILLA,110,30
7/25/2024,500ML VANILLA,76,59
7/25/2024,100ML STRAWBERRY,117,13
7/25/2024,250ML STRAWBERRY,76,30
7/25/2024,500ML STRAWBERRY,69,59
7/25/2024,5L STRAWBERRY,9,450
7/26/2024,100ML VANILLA,126,13
7/26/2024,250ML VANILLA,91,30
7/26/2024,500ML VANILLA,79,59
7/26/2024,100ML STRAWBERRY,106,13
7/26/2024,250ML STRAWBERRY,90,30
7/26/2024,500ML STRAWBERRY,58,59
7/26/2024,5L STRAWBERRY,11,450
7/27/2024,100ML VANILLA,157,13
7/27/2024,250ML VANILLA,102,30
7/27/2024,500ML VANILLA,76,59
7/27/2024,100ML STRAWBERRY,119,13
7/27/2024,250ML STRAWBERRY,92,30
7/27/2024,500ML STRAWBERRY,61,59
7/27/2024,5L STRAWBERRY,11,450
7/28/2024,100ML VANILLA,161,13
7/28/2024,250ML VANILLA,113,30
7/28/2024,500ML VANILLA,72,59
7/28/2024,100ML STRAWBERRY,118,13
7/28/2024,250ML STRAWBERRY,96,30
7/28/2024,500ML STRAWBERRY,65,59
7/28/2024,5L STRAWBERRY,9,450
7/29/2024,100ML VANILLA,220,13
7/29/2024,250ML VANILLA,121,30
7/29/2024,500ML VANILLA,108,59
7/29/2024,100ML STRAWBERRY,176,13
7/29/2024,250ML STRAWBERRY,127,30
7/29/2024,500ML STRAWBERRY,78,59
7/29/2024,5L STRAWBERRY,12,450
7/30/2024,100ML VANILLA,182,13
7/30/2024,250ML VANILLA,123,30
7/30/2024,500ML VANILLA,88,59
7/30/2024,100ML STRAWBERRY,153,13
7/30/2024,250ML STRAWBERRY,128,30
7/30/2024,500ML STRAWBERRY,85,59
7/30/2024,5L STRAWBERRY,12,450
7/31/2024,100ML VANILLA,160,13
7/31/2024,250ML VANILLA,93,30
7/31/2024,500ML VANILLA,69,59
7/31/2024,100ML STRAWBERRY,106,13
7/31/2024,250ML STRAWBERRY,94,30
7/31/2024,500ML STRAWBERRY,65,59
7/31/2024,5L STRAWBERRY,9,450
8/1/2024,100ML VANILLA,133,13
8/1/2024,250ML VANILLA,100,30
8/1/2024,500ML VANILLA,71,59
8/1/2024,100ML STRAWBERRY,137,13
8/1/2024,250ML STRAWBERRY,74,30
8/1/2024,500ML STRAWBERRY,55,59
8/1/2024,5L STRAWBERRY,10,450
8/2/2024,100ML VANILLA,136,13
8/2/2024,250ML VANILLA,106,30
8/2/2024,500ML VANILLA,81,59
8/2/2024,100ML STRAWBERRY,124,13
8/2/2024,250ML STRAWBERRY,98,30
8/2/2024,500ML STRAWBERRY,59,59
8/2/2024,5L STRAWBERRY,10,450
8/3/2024,100ML VANILLA,131,13
8/3/2024,250ML VANILLA,112,30
8/3/2024,500ML VANILLA,78,59
8/3/2024,100ML STRAWBERRY,131,13
8/3/2024,250ML STRAWBERRY,79,30
8/3/2024,500ML STRAWBERRY,61,59
8/3/2024,5L STRAWBERRY,9,450
8/4/2024,100ML VANILLA,145,13
8/4/2024,150ML VANILLA,106,20.7
8/4/2024,250ML VANILLA,106,30
8/4/2024,500ML VANILLA,63,59
8/4/2024,100ML STRAWBERRY,120,13
8/4/2024,250ML STRAWBERRY,73,30
8/4/2024,500ML STRAWBERRY,51,59
8/4/2024,5L STRAWBERRY,9,450
8/5/2024,100ML VANILLA,199,13
8/5/2024,250ML VANILLA,148,30
8/5/2024,500ML VANILLA,94,59
8/5/2024,100ML STRAWBERRY,182,13
8/5/2024,250ML STRAWBERRY,103,30
8/5/2024,500ML STRAWBERRY,91,59
8/5/2024,5L STRAWBERRY,15,450
8/6/2024,100ML VANILLA,226,13
8/6/2024,150ML VANILLA,136,20.7
8/6/2024,250ML VANILLA,136,30
8/6/2024,500ML VANILLA,98,59
8/6/2024,100ML STRAWBERRY,171,13
8/6/2024,250ML STRAWBERRY,117,30
8/6/2024,500ML STRAWBERRY,83,59
8/6/2024,5L STRAWBERRY,12,450
8/7/2024,100ML VANILLA,139,13
8/7/2024,250ML VANILLA,101,30
8/7/2024,500ML VANILLA,68,59
8/7/2024,100ML STRAWBERRY,135,13
8/7/2024,250ML STRAWBERRY,97,30
8/7/2024,500ML STRAWBERRY,68,59
8/7/2024,5L STRAWBERRY,9,450
8/8/2024,100ML VANILLA,139,13
8/8/2024,250ML VANILLA,106,30
8/8/2024,500ML VANILLA,66,59
8/8/2024,100ML STRAWBERRY,128,13
8/8/2024,250ML STRAWBERRY,74,30
8/8/2024,500ML STRAWBERRY,59,59
8/8/2024,5L STRAWBERRY,10,450
8/9/2024,100ML VANILLA,150,13
8/9/2024,250ML VANILLA,99,30
8/9/2024,500ML VANILLA,75,59
8/9/2024,100ML STRAWBERRY,119,13
8/9/2024,250ML STRAWBERRY,77,30
8/9/2024,500ML STRAWBERRY,66,59
8/9/2024,5L STRAWBERRY,10,450
8/10/2024,100ML VANILLA,136,13
8/10/2024,250ML VANILLA,98,30
8/10/2024,500ML VANILLA,67,59
8/10/2024,100ML STRAWBERRY,119,13
8/10/2024,250ML STRAWBERRY,95,30
8/10/2024,500ML STRAWBERRY,68,59
8/10/2024,5L STRAWBERRY,9,450
8/11/2024,100ML VANILLA,161,13
8/11/2024,250ML VANILLA,96,30
8/11/2024,500ML VANILLA,73,59
8/11/2024,100ML STRAWBERRY,134,13
8/11/2024,250ML STRAWBERRY,96,30
8/11/2024,500ML STRAWBERRY,67,59
8/11/2024,5L STRAWBERRY,9,450
8/12/2024,100ML VANILLA,175,13
8/12/2024,250ML VANILLA,122,30
8/12/2024,500ML VANILLA,94,59
8/12/2024,100ML STRAWBERRY,168,13
8/12/2024,250ML STRAWBERRY,101,30
8/12/2024,500ML STRAWBERRY,94,59
8/12/2024,5L STRAWBERRY,13,450
8/13/2024,100ML VANILLA,211,13
8/13/2024,250ML VANILLA,160,30
8/13/2024,500ML VANILLA,97,59
8/13/2024,100ML STRAWBERRY,154,13
8/13/2024,250ML STRAWBERRY,125,30
8/13/2024,500ML STRAWBERRY,72,59
8/13/2024,5L STRAWBERRY,13,450
8/14/2024,100ML VANILLA,125,13
8/14/2024,250ML VANILLA,92,30
8/14/2024,500ML VANILLA,69,59
8/14/2024,100ML STRAWBERRY,113,13
8/14/2024,250ML STRAWBERRY,94,30
8/14/2024,500ML STRAWBERRY,57,59
8/14/2024,5L STRAWBERRY,10,450
8/15/2024,100ML VANILLA,139,13
8/15/2024,250ML VANILLA,102,30
8/15/2024,500ML VANILLA,81,59
8/15/2024,100ML STRAWBERRY,127,13
8/15/2024,250ML STRAWBERRY,87,30
8/15/2024,500ML STRAWBERRY,61,59
8/15/2024,5L STRAWBERRY,8,450
8/16/2024,100ML VANILLA,153,13
8/16/2024,250ML VANILLA,108,30
8/16/2024,500ML VANILLA,72,59
8/16/2024,100ML STRAWBERRY,123,13
8/16/2024,250ML STRAWBERRY,78,30
8/16/2024,500ML STRAWBERRY,60,59
8/16/2024,5L STRAWBERRY,10,450
8/17/2024,100ML VANILLA,124,13
8/17/2024,250ML VANILLA,103,30
8/17/2024,500ML VANILLA,67,59
8/17/2024,100ML STRAWBERRY,115,13
8/17/2024,250ML STRAWBERRY,90,30
8/17/2024,500ML STRAWBERRY,68,59
8/17/2024,5L STRAWBERRY,9,450
8/18/2024,100ML VANILLA,140,13
8/18/2024,250ML VANILLA,96,30
8/18/2024,500ML VANILLA,65,59
8/18/2024,100ML STRAWBERRY,119,13
8/18/2024,250ML STRAWBERRY,78,30
8/18/2024,500ML STRAWBERRY,55,59
8/18/2024,5L STRAWBERRY,10,450
8/19/2024,100ML VANILLA,214,13
8/19/2024,250ML VANILLA,142,30
8/19/2024,500ML VANILLA,90,59
8/19/2024,100ML STRAWBERRY,187,13
8/19/2024,250ML STRAWBERRY,130,30
8/19/2024,500ML STRAWBERRY,77,59
8/19/2024,5L STRAWBERRY,13,450
8/20/2024,100ML VANILLA,208,13
8/20/2024,250ML VANILLA,139,30
8/20/2024,500ML VANILLA,95,59
8/20/2024,100ML STRAWBERRY,175,13
8/20/2024,250ML STRAWBERRY,112,30
8/20/2024,500ML STRAWBERRY,83,59
8/20/2024,5L STRAWBERRY,13,450
8/21/2024,100ML VANILLA,114,13
8/21/2024,250ML VANILLA,73,30
8/21/2024,500ML VANILLA,59,59
8/21/2024,100ML STRAWBERRY,109,13
8/21/2024,250ML STRAWBERRY,73,30
8/21/2024,500ML STRAWBERRY,54,59
8/21/2024,5L STRAWBERRY,7,450
8/22/2024,100ML VANILLA,111,13
8/22/2024,250ML VANILLA,73,30
8/22/2024,500ML VANILLA,57,59
8/22/2024,100ML STRAWBERRY,99,13
8/22/2024,250ML STRAWBERRY,64,30
8/22/2024,500ML STRAWBERRY,42,59
8/22/2024,5L STRAWBERRY,8,450
8/23/2024,100ML VANILLA,108,13
8/23/2024,250ML VANILLA,82,30
8/23/2024,500ML VANILLA,53,59
8/23/2024,100ML STRAWBERRY,92,13
8/23/2024,250ML STRAWBERRY,77,30
8/23/2024,500ML STRAWBERRY,52,59
8/23/2024,5L STRAWBERRY,8,450
8/24/2024,100ML VANILLA,110,13
8/24/2024,250ML VANILLA,87,30
8/24/2024,500ML VANILLA,59,59
8/24/2024,100ML STRAWBERRY,97,13
8/24/2024,250ML STRAWBERRY,70,30
8/24/2024,500ML STRAWBERRY,52,59
8/24/2024,5L STRAWBERRY,8,450
8/25/2024,100ML VANILLA,127,13
8/25/2024,250ML VANILLA,70,30
8/25/2024,500ML VANILLA,52,59
8/25/2024,100ML STRAWBERRY,93,13
8/25/2024,250ML STRAWBERRY,74,30
8/25/2024,500ML STRAWBERRY,50,59
8/25/2024,5L STRAWBERRY,7,450
8/26/2024,100ML VANILLA,148,13
8/26/2024,250ML VANILLA,111,30
8/26/2024,500ML VANILLA,68,59
8/26/2024,100ML STRAWBERRY,124,13
8/26/2024,250ML STRAWBERRY,97,30
8/26/2024,500ML STRAWBERRY,67,59
8/26/2024,5L STRAWBERRY,11,450
8/27/2024,100ML VANILLA,145,13
8/27/2024,250ML VANILLA,98,30
8/27/2024,500ML VANILLA,73,59
8/27/2024,100ML STRAWBERRY,118,13
8/27/2024,250ML STRAWBERRY,86,30
8/27/2024,500ML STRAWBERRY,72,59
8/27/2024,5L STRAWBERRY,9,450
8/28/2024,100ML VANILLA,121,13
8/28/2024,250ML VANILLA,92,30
8/28/2024,500ML VANILLA,64,59
8/28/2024,100ML STRAWBERRY,90,13
8/28/2024,250ML STRAWBERRY,71,30
8/28/2024,500ML STRAWBERRY,47,59
8/28/2024,5L STRAWBERRY,8,450
8/29/2024,100ML VANILLA,113,13
8/29/2024,250ML VANILLA,85,30
8/29/2024,500ML VANILLA,60,59
8/29/2024,100ML STRAWBERRY,89,13
8/29/2024,250ML STRAWBERRY,68,30
8/29/2024,500ML STRAWBERRY,42,59
8/29/2024,5L STRAWBERRY,8,450
8/30/2024,100ML VANILLA,120,13
8/30/2024,250ML VANILLA,80,30
8/30/2024,500ML VANILLA,54,59
8/30/2024,100ML STRAWBERRY,107,13
8/30/2024,250ML STRAWBERRY,59,30
8/30/2024,500ML STRAWBERRY,46,59
8/30/2024,5L STRAWBERRY,8,450
8/31/2024,100ML VANILLA,118,13
8/31/2024,250ML VANILLA,84,30
8/31/2024,500ML VANILLA,64,59
8/31/2024,100ML STRAWBERRY,105,13
8/31/2024,250ML STRAWBERRY,73,30
8/31/2024,500ML STRAWBERRY,47,59
8/31/2024,5L STRAWBERRY,8,450
9/1/2024,100ML VANILLA,127,13
9/1/2024,250ML VANILLA,70,30
9/1/2024,500ML VANILLA,49,59
9/1/2024,100ML STRAWBERRY,87,13
9/1/2024,250ML STRAWBERRY,68,30
9/1/2024,500ML STRAWBERRY,53,59
9/1/2024,5L STRAWBERRY,8,450
9/2/2024,100ML VANILLA,136,13
9/2/2024,250ML VANILLA,108,30
9/2/2024,500ML VANILLA,70,59
9/2/2024,100ML STRAWBERRY,141,13
9/2/2024,250ML STRAWBERRY,96,30
9/2/2024,500ML STRAWBERRY,70,59
9/2/2024,5L STRAWBERRY,11,450
9/3/2024,100ML VANILLA,137,13
9/3/2024,250ML VANILLA,98,30
9/3/2024,500ML VANILLA,73,59
9/3/2024,100ML STRAWBERRY,120,13
9/3/2024,250ML STRAWBERRY,95,30
9/3/2024,500ML STRAWBERRY,61,59
9/3/2024,5L STRAWBERRY,9,450
9/4/2024,100ML VANILLA,118,13
9/4/2024,250ML VANILLA,73,30
9/4/2024,500ML VANILLA,56,59
9/4/2024,100ML STRAWBERRY,107,13
9/4/2024,250ML STRAWBERRY,62,30
9/4/2024,500ML STRAWBERRY,54,59
9/4/2024,5L STRAWBERRY,8,450
9/5/2024,100ML VANILLA,101,13
9/5/2024,250ML VANILLA,88,30
9/5/2024,500ML VANILLA,57,59
9/5/2024,100ML STRAWBERRY,96,13
9/5/2024,250ML STRAWBERRY,70,30
9/5/2024,500ML STRAWBERRY,44,59
9/5/2024,5L STRAWBERRY,8,450
9/6/2024,100ML VANILLA,113,13
9/6/2024,150ML VANILLA,72,20.7
9/6/2024,250ML VANILLA,72,30
9/6/2024,500ML VANILLA,51,59
9/6/2024,100ML STRAWBERRY,97,13
9/6/2024,250ML STRAWBERRY,60,30
9/6/2024,500ML STRAWBERRY,47,59
9/6/2024,5L STRAWBERRY,7,450
9/7/2024,100ML VANILLA,102,13
9/7/2024,250ML VANILLA,89,30
9/7/2024,500ML VANILLA,58,59
9/7/2024,100ML STRAWBERRY,84,13
9/7/2024,250ML STRAWBERRY,73,30
9/7/2024,500ML STRAWBERRY,46,59
9/7/2024,5L STRAWBERRY,8,450
9/8/2024,100ML VANILLA,100,13
9/8/2024,250ML VANILLA,68,30
9/8/2024,500ML VANILLA,63,59
9/8/2024,100ML STRAWBERRY,105,13
9/8/2024,250ML STRAWBERRY,65,30
9/8/2024,500ML STRAWBERRY,50,59
9/8/2024,5L STRAWBERRY,8,450
9/9/2024,100ML VANILLA,178,13
9/9/2024,250ML VANILLA,119,30
9/9/2024,500ML VANILLA,75,59
9/9/2024,100ML STRAWBERRY,137,13
9/9/2024,250ML STRAWBERRY,95,30
9/9/2024,500ML STRAWBERRY,59,59
9/9/2024,5L STRAWBERRY,10,450
9/10/2024,100ML VANILLA,138,13
9/10/2024,250ML VANILLA,95,30
9/10/2024,500ML VANILLA,82,59
9/10/2024,100ML STRAWBERRY,129,13
9/10/2024,250ML STRAWBERRY,84,30
9/10/2024,500ML STRAWBERRY,59,59
9/10/2024,5L STRAWBERRY,11,450
9/11/2024,100ML VANILLA,126,13
9/11/2024,250ML VANILLA,86,30
9/11/2024,500ML VANILLA,49,59
9/11/2024,100ML STRAWBERRY,82,13
9/11/2024,150ML STRAWBERRY,69,20.7
9/11/2024,250ML STRAWBERRY,69,30
9/11/2024,500ML STRAWBERRY,42,59
9/11/2024,5L STRAWBERRY,7,450
9/12/2024,100ML VANILLA,104,13
9/12/2024,250ML VANILLA,72,30
9/12/2024,500ML VANILLA,53,59
9/12/2024,100ML STRAWBERRY,103,13
9/12/2024,250ML STRAWBERRY,69,30
9/12/2024,500ML STRAWBERRY,46,59
9/12/2024,5L STRAWBERRY,7,450
9/13/2024,100ML VANILLA,106,13
9/13/2024,250ML VANILLA,69,30
9/13/2024,500ML VANILLA,63,59
9/13/2024,100ML STRAWBERRY,100,13
9/13/2024,250ML STRAWBERRY,65,30
9/13/2024,500ML STRAWBERRY,54,59
9/13/2024,5L STRAWBERRY,8,450
9/14/2024,100ML VANILLA,111,13
9/14/2024,250ML VANILLA,78,30
9/14/2024,500ML VANILLA,56,59
9/14/2024,100ML STRAWBERRY,90,13
9/14/2024,250ML STRAWBERRY,72,30
9/14/2024,500ML STRAWBERRY,47,59
9/14/2024,5L STRAWBERRY,8,450
9/15/2024,100ML VANILLA,106,13
9/15/2024,250ML VANILLA,83,30
9/15/2024,500ML VANILLA,62,59
9/15/2024,100ML STRAWBERRY,101,13
9/15/2024,250ML STRAWBERRY,63,30
9/15/2024,500ML STRAWBERRY,49,59
9/15/2024,5L STRAWBERRY,7,450
9/16/2024,100ML VANILLA,167,13
9/16/2024,250ML VANILLA,108,30
9/16/2024,500ML VANILLA,72,59
9/16/2024,100ML STRAWBERRY,108,13
9/16/2024,250ML STRAWBERRY,101,30
9/16/2024,500ML STRAWBERRY,75,59
9/16/2024,5L STRAWBERRY,10,450
9/17/2024,100ML VANILLA,139,13
9/17/2024,250ML VANILLA,111,30
9/17/2024,500ML VANILLA,76,59
9/17/2024,100ML STRAWBERRY,124,13
9/17/2024,250ML STRAWBERRY,92,30
9/17/2024,500ML STRAWBERRY,55,59
9/17/2024,5L STRAWBERRY,10,450
9/18/2024,100ML VANILLA,130,13
9/18/2024,250ML VANILLA,80,30
9/18/2024,500ML VANILLA,52,59
9/18/2024,100ML STRAWBERRY,87,13
9/18/2024,250ML STRAWBERRY,69,30
9/18/2024,500ML STRAWBERRY,43,59
9/18/2024,5L STRAWBERRY,7,450
9/19/2024,100ML VANILLA,116,13
9/19/2024,250ML VANILLA,86,30
9/19/2024,500ML VANILLA,61,59
9/19/2024,100ML STRAWBERRY,101,13
9/19/2024,250ML STRAWBERRY,60,30
9/19/2024,500ML STRAWBERRY,43,59
9/19/2024,5L STRAWBERRY,7,450
9/20/2024,100ML VANILLA,117,13
9/20/2024,250ML VANILLA,69,30
9/20/2024,500ML VANILLA,62,59
9/20/2024,100ML STRAWBERRY,100,13
9/20/2024,250ML STRAWBERRY,65,30
9/20/2024,500ML STRAWBERRY,44,59
9/20/2024,5L STRAWBERRY,7,450
9/21/2024,100ML VANILLA,112,13
9/21/2024,250ML VANILLA,86,30
9/21/2024,500ML VANILLA,58,59
9/21/2024,100ML STRAWBERRY,83,13
9/21/2024,250ML STRAWBERRY,58,30
9/21/2024,500ML STRAWBERRY,43,59
9/21/2024,5L STRAWBERRY,7,450
9/22/2024,100ML VANILLA,120,13
9/22/2024,250ML VANILLA,90,30
9/22/2024,500ML VANILLA,50,59
9/22/2024,100ML STRAWBERRY,88,13
9/22/2024,250ML STRAWBERRY,73,30
9/22/2024,500ML STRAWBERRY,47,59
9/22/2024,5L STRAWBERRY,8,450
9/23/2024,100ML VANILLA,177,13
9/23/2024,250ML VANILLA,115,30
9/23/2024,500ML VANILLA,80,59
9/23/2024,100ML STRAWBERRY,137,13
9/23/2024,250ML STRAWBERRY,88,30
9/23/2024,500ML STRAWBERRY,54,59
9/23/2024,5L STRAWBERRY,9,450
9/24/2024,100ML VANILLA,152,13
9/24/2024,250ML VANILLA,111,30
9/24/2024,500ML VANILLA,69,59
9/24/2024,100ML STRAWBERRY,112,13
9/24/2024,250ML STRAWBERRY,99,30
9/24/2024,500ML STRAWBERRY,63,59
9/24/2024,5L STRAWBERRY,9,450
9/25/2024,100ML VANILLA,130,13
9/25/2024,250ML VANILLA,69,30
9/25/2024,500ML VANILLA,53,59
9/25/2024,100ML STRAWBERRY,98,13
9/25/2024,250ML STRAWBERRY,72,30
9/25/2024,500ML STRAWBERRY,42,59
9/25/2024,5L STRAWBERRY,7,450
9/26/2024,100ML VANILLA,109,13
9/26/2024,250ML VANILLA,77,30
9/26/2024,500ML VANILLA,50,59
9/26/2024,100ML STRAWBERRY,103,13
9/26/2024,250ML STRAWBERRY,75,30
9/26/2024,500ML STRAWBERRY,47,59
9/26/2024,5L STRAWBERRY,7,450
9/27/2024,100ML VANILLA,131,13
9/27/2024,250ML VANILLA,86,30
9/27/2024,500ML VANILLA,52,59
9/27/2024,100ML STRAWBERRY,96,13
9/27/2024,250ML STRAWBERRY,76,30
9/27/2024,500ML STRAWBERRY,51,59
9/27/2024,5L STRAWBERRY,7,450
9/28/2024,100ML VANILLA,125,13
9/28/2024,250ML VANILLA,71,30
9/28/2024,500ML VANILLA,62,59
9/28/2024,100ML STRAWBERRY,103,13
9/28/2024,250ML STRAWBERRY,57,30
9/28/2024,500ML STRAWBERRY,46,59
9/28/2024,5L STRAWBERRY,7,450
9/29/2024,100ML VANILLA,106,13
9/29/2024,250ML VANILLA,84,30
9/29/2024,500ML VANILLA,50,59
9/29/2024,100ML STRAWBERRY,86,13
9/29/2024,250ML STRAWBERRY,64,30
9/29/2024,500ML STRAWBERRY,46,59
9/29/2024,5L STRAWBERRY,7,450
9/30/2024,100ML VANILLA,169,13
9/30/2024,250ML VANILLA,111,30
9/30/2024,500ML VANILLA,74,59
9/30/2024,100ML STRAWBERRY,124,13
9/30/2024,250ML STRAWBERRY,80,30
9/30/2024,500ML STRAWBERRY,64,59
9/30/2024,5L STRAWBERRY,9,450
10/1/2024,100ML VANILLA,145,13
10/1/2024,250ML VANILLA,112,30
10/1/2024,500ML VANILLA,69,59
10/1/2024,100ML STRAWBERRY,147,13
10/1/2024,250ML STRAWBERRY,93,30
10/1/2024,500ML STRAWBERRY,62,59
10/1/2024,5L STRAWBERRY,11,450
10/2/2024,100ML VANILLA,130,13
10/2/2024,250ML VANILLA,75,30
10/2/2024,500ML VANILLA,53,59
10/2/2024,100ML STRAWBERRY,106,13
10/2/2024,250ML STRAWBERRY,63,30
10/2/2024,500ML STRAWBERRY,48,59
10/2/2024,5L STRAWBERRY,7,450
10/3/2024,100ML VANILLA,127,13
10/3/2024,150ML VANILLA,73,20.7
10/3/2024,250ML VANILLA,73,30
10/3/2024,500ML VANILLA,60,59
10/3/2024,100ML STRAWBERRY,102,13
10/3/2024,250ML STRAWBERRY,77,30
10/3/2024,500ML STRAWBERRY,51,59
10/3/2024,5L STRAWBERRY,7,450
10/4/2024,100ML VANILLA,125,13
10/4/2024,250ML VANILLA,80,30
10/4/2024,500ML VANILLA,60,59
10/4/2024,100ML STRAWBERRY,101,13
10/4/2024,250ML STRAWBERRY,71,30
10/4/2024,500ML STRAWBERRY,55,59
10/4/2024,5L STRAWBERRY,8,450
10/5/2024,100ML VANILLA,130,13
10/5/2024,250ML VANILLA,82,30
10/5/2024,500ML VANILLA,54,59
10/5/2024,100ML STRAWBERRY,98,13
10/5/2024,250ML STRAWBERRY,59,30
10/5/2024,500ML STRAWBERRY,51,59
10/5/2024,5L STRAWBERRY,8,450
10/6/2024,100ML VANILLA,132,13
10/6/2024,250ML VANILLA,79,30
10/6/2024,500ML VANILLA,66,59
10/6/2024,100ML STRAWBERRY,82,13
10/6/2024,250ML STRAWBERRY,68,30
10/6/2024,500ML STRAWBERRY,50,59
10/6/2024,5L STRAWBERRY,8,450
10/7/2024,100ML VANILLA,170,13
10/7/2024,250ML VANILLA,111,30
10/7/2024,500ML VANILLA,66,59
10/7/2024,100ML STRAWBERRY,123,13
10/7/2024,250ML STRAWBERRY,79,30
10/7/2024,500ML STRAWBERRY,58,59
10/7/2024,5L STRAWBERRY,10,450
10/8/2024,100ML VANILLA,157,13
10/8/2024,250ML VANILLA,109,30
10/8/2024,500ML VANILLA,74,59
10/8/2024,100ML STRAWBERRY,139,13
10/8/2024,250ML STRAWBERRY,101,30
10/8/2024,500ML STRAWBERRY,68,59
10/8/2024,5L STRAWBERRY,12,450
10/9/2024,100ML VANILLA,103,13
10/9/2024,250ML VANILLA,81,30
10/9/2024,500ML VANILLA,54,59
10/9/2024,100ML STRAWBERRY,88,13
10/9/2024,250ML STRAWBERRY,64,30
10/9/2024,500ML STRAWBERRY,49,59
10/9/2024,5L STRAWBERRY,8,450
10/10/2024,100ML VANILLA,122,13
10/10/2024,250ML VANILLA,87,30
10/10/2024,500ML VANILLA,49,59
10/10/2024,100ML STRAWBERRY,106,13
10/10/2024,250ML STRAWBERRY,65,30
10/10/2024,500ML STRAWBERRY,44,59
10/10/2024,5L STRAWBERRY,8,450
10/11/2024,100ML VANILLA,120,13
10/11/2024,250ML VANILLA,84,30
10/11/2024,500ML VANILLA,64,59
10/11/2024,100ML STRAWBERRY,105,13
10/11/2024,250ML STRAWBERRY,64,30
10/11/2024,500ML STRAWBERRY,42,59
10/11/2024,5L STRAWBERRY,7,450
10/12/2024,100ML VANILLA,105,13
10/12/2024,250ML VANILLA,83,30
10/12/2024,500ML VANILLA,52,59
10/12/2024,100ML STRAWBERRY,88,13
10/12/2024,250ML STRAWBERRY,72,30
10/12/2024,500ML STRAWBERRY,56,59
10/12/2024,5L STRAWBERRY,8,450
10/13/2024,100ML VANILLA,111,13
10/13/2024,250ML VANILLA,72,30
10/13/2024,500ML VANILLA,49,59
10/13/2024,100ML STRAWBERRY,102,13
10/13/2024,250ML STRAWBERRY,68,30
10/13/2024,500ML STRAWBERRY,51,59
10/13/2024,5L STRAWBERRY,9,450
10/14/2024,100ML VANILLA,133,13
10/14/2024,150ML VANILLA,119,20.7
10/14/2024,250ML VANILLA,119,30
10/14/2024,500ML VANILLA,74,59
10/14/2024,100ML STRAWBERRY,119,13
10/14/2024,250ML STRAWBERRY,97,30
10/14/2024,500ML STRAWBERRY,65,59
10/14/2024,5L STRAWBERRY,9,450
10/15/2024,100ML VANILLA,172,13
10/15/2024,250ML VANILLA,118,30
10/15/2024,500ML VANILLA,84,59
10/15/2024,100ML STRAWBERRY,146,13
10/15/2024,250ML STRAWBERRY,100,30
10/15/2024,500ML STRAWBERRY,59,59
10/15/2024,5L STRAWBERRY,10,450
10/16/2024,100ML VANILLA,127,13
10/16/2024,250ML VANILLA,93,30
10/16/2024,500ML VANILLA,53,59
10/16/2024,100ML STRAWBERRY,99,13
10/16/2024,250ML STRAWBERRY,72,30
10/16/2024,500ML STRAWBERRY,43,59
10/16/2024,5L STRAWBERRY,7,450
10/17/2024,100ML VANILLA,102,13
10/17/2024,250ML VANILLA,78,30
10/17/2024,500ML VANILLA,55,59
10/17/2024,100ML STRAWBERRY,91,13
10/17/2024,250ML STRAWBERRY,72,30
10/17/2024,500ML STRAWBERRY,50,59
10/17/2024,5L STRAWBERRY,9,450
10/18/2024,100ML VANILLA,126,13
10/18/2024,250ML VANILLA,89,30
10/18/2024,500ML VANILLA,64,59
10/18/2024,100ML STRAWBERRY,101,13
10/18/2024,250ML STRAWBERRY,73,30
10/18/2024,500ML STRAWBERRY,49,59
10/18/2024,5L STRAWBERRY,7,450
10/19/2024,100ML VANILLA,115,13
10/19/2024,250ML VANILLA,89,30
10/19/2024,500ML VANILLA,58,59
10/19/2024,100ML STRAWBERRY,109,13
10/19/2024,250ML STRAWBERRY,77,30
10/19/2024,500ML STRAWBERRY,41,59
10/19/2024,5L STRAWBERRY,8,450
10/20/2024,100ML VANILLA,115,13
10/20/2024,250ML VANILLA,77,30
10/20/2024,500ML VANILLA,58,59
10/20/2024,100ML STRAWBERRY,94,13
10/20/2024,250ML STRAWBERRY,62,30
10/20/2024,500ML STRAWBERRY,46,59
10/20/2024,5L STRAWBERRY,8,450
10/21/2024,100ML VANILLA,166,13
10/21/2024,250ML VANILLA,105,30
10/21/2024,500ML VANILLA,95,59
10/21/2024,100ML STRAWBERRY,127,13
10/21/2024,250ML STRAWBERRY,96,30
10/21/2024,500ML STRAWBERRY,82,59
10/21/2024,5L STRAWBERRY,12,450
10/22/2024,100ML VANILLA,179,13
10/22/2024,250ML VANILLA,139,30
10/22/2024,500ML VANILLA,91,59
10/22/2024,100ML STRAWBERRY,137,13
10/22/2024,250ML STRAWBERRY,92,30
10/22/2024,500ML STRAWBERRY,68,59
10/22/2024,5L STRAWBERRY,11,450
10/23/2024,100ML VANILLA,132,13
10/23/2024,250ML VANILLA,89,30
10/23/2024,500ML VANILLA,60,59
10/23/2024,100ML STRAWBERRY,92,13
10/23/2024,250ML STRAWBERRY,80,30
10/23/2024,500ML STRAWBERRY,52,59
10/23/2024,5L STRAWBERRY,8,450
10/24/2024,100ML VANILLA,135,13
10/24/2024,250ML VANILLA,85,30
10/24/2024,500ML VANILLA,57,59
10/24/2024,100ML STRAWBERRY,114,13
10/24/2024,250ML STRAWBERRY,85,30
10/24/2024,500ML STRAWBERRY,52,59
10/24/2024,5L STRAWBERRY,9,450
10/25/2024,100ML VANILLA,138,13
10/25/2024,250ML VANILLA,83,30
10/25/2024,500ML VANILLA,67,59
10/25/2024,100ML STRAWBERRY,92,13
10/25/2024,250ML STRAWBERRY,81,30
10/25/2024,500ML STRAWBERRY,50,59
10/25/2024,5L STRAWBERRY,8,450
10/26/2024,100ML VANILLA,118,13
10/26/2024,250ML VANILLA,93,30
10/26/2024,500ML VANILLA,66,59
10/26/2024,100ML STRAWBERRY,112,13
10/26/2024,250ML STRAWBERRY,79,30
10/26/2024,500ML STRAWBERRY,55,59
10/26/2024,5L STRAWBERRY,9,450
10/27/2024,100ML VANILLA,110,13
10/27/2024,250ML VANILLA,104,30
10/27/2024,500ML VANILLA,58,59
10/27/2024,100ML STRAWBERRY,111,13
10/27/2024,250ML STRAWBERRY,83,30
10/27/2024,500ML STRAWBERRY,60,59
10/27/2024,5L STRAWBERRY,10,450
10/28/2024,100ML VANILLA,168,13
10/28/2024,250ML VANILLA,129,30
10/28/2024,500ML VANILLA,91,59
10/28/2024,100ML STRAWBERRY,127,13
10/28/2024,250ML STRAWBERRY,85,30
10/28/2024,500ML STRAWBERRY,79,59
10/28/2024,5L STRAWBERRY,12,450
10/29/2024,100ML VANILLA,170,13
10/29/2024,250ML VANILLA,110,30
10/29/2024,500ML VANILLA,90,59
10/29/2024,100ML STRAWBERRY,139,13
10/29/2024,250ML STRAWBERRY,92,30
10/29/2024,500ML STRAWBERRY,74,59
10/29/2024,5L STRAWBERRY,12,450
10/30/2024,100ML VANILLA,133,13
10/30/2024,250ML VANILLA,97,30
10/30/2024,500ML VANILLA,69,59
10/30/2024,100ML STRAWBERRY,96,13
10/30/2024,250ML STRAWBERRY,75,30
10/30/2024,500ML STRAWBERRY,51,59
10/30/2024,5L STRAWBERRY,9,450
10/31/2024,100ML VANILLA,137,13
10/31/2024,250ML VANILLA,80,30
10/31/2024,500ML VANILLA,65,59
10/31/2024,100ML STRAWBERRY,113,13
10/31/2024,250ML STRAWBERRY,67,30
10/31/2024,500ML STRAWBERRY,49,59
10/31/2024,5L STRAWBERRY,9,450
11/1/2024,100ML VANILLA,140,13
11/1/2024,250ML VANILLA,80,30
11/1/2024,500ML VANILLA,64,59
11/1/2024,100ML STRAWBERRY,107,13
11/1/2024,250ML STRAWBERRY,76,30
11/1/2024,500ML STRAWBERRY,52,59
11/1/2024,5L STRAWBERRY,8,450
11/2/2024,100ML VANILLA,137,13
11/2/2024,250ML VANILLA,89,30
11/2/2024,500ML VANILLA,71,59
11/2/2024,100ML STRAWBERRY,107,13
11/2/2024,250ML STRAWBERRY,66,30
11/2/2024,500ML STRAWBERRY,60,59
11/2/2024,5L STRAWBERRY,10,450
11/3/2024,100ML VANILLA,127,13
11/3/2024,250ML VANILLA,89,30
11/3/2024,500ML VANILLA,59,59
11/3/2024,100ML STRAWBERRY,105,13
11/3/2024,250ML STRAWBERRY,83,30
11/3/2024,500ML STRAWBERRY,57,59
11/3/2024,5L STRAWBERRY,10,450
11/4/2024,100ML VANILLA,173,13
11/4/2024,250ML VANILLA,136,30
11/4/2024,500ML VANILLA,86,59
11/4/2024,100ML STRAWBERRY,134,13
11/4/2024,250ML STRAWBERRY,97,30
11/4/2024,500ML STRAWBERRY,72,59
11/4/2024,5L STRAWBERRY,12,450
11/5/2024,100ML VANILLA,155,13
11/5/2024,250ML VANILLA,132,30
11/5/2024,500ML VANILLA,75,59
11/5/2024,100ML STRAWBERRY,135,13
11/5/2024,250ML STRAWBERRY,110,30
11/5/2024,500ML STRAWBERRY,80,59
11/5/2024,5L STRAWBERRY,12,450
11/6/2024,100ML VANILLA,135,13
11/6/2024,250ML VANILLA,92,30
11/6/2024,500ML VANILLA,63,59
11/6/2024,100ML STRAWBERRY,123,13
11/6/2024,250ML STRAWBERRY,65,30
11/6/2024,500ML STRAWBERRY,61,59
11/6/2024,5L STRAWBERRY,9,450
11/7/2024,100ML VANILLA,144,13
11/7/2024,250ML VANILLA,79,30
11/7/2024,500ML VANILLA,69,59
11/7/2024,100ML STRAWBERRY,111,13
11/7/2024,250ML STRAWBERRY,85,30
11/7/2024,500ML STRAWBERRY,50,59
11/7/2024,5L STRAWBERRY,9,450
11/8/2024,100ML VANILLA,138,13
11/8/2024,250ML VANILLA,83,30
11/8/2024,500ML VANILLA,59,59
11/8/2024,100ML STRAWBERRY,109,13
11/8/2024,250ML STRAWBERRY,69,30
11/8/2024,500ML STRAWBERRY,53,59
11/8/2024,5L STRAWBERRY,10,450
11/9/2024,100ML VANILLA,122,13
11/9/2024,250ML VANILLA,80,30
11/9/2024,500ML VANILLA,67,59
11/9/2024,100ML STRAWBERRY,111,13
11/9/2024,250ML STRAWBERRY,83,30
11/9/2024,500ML STRAWBERRY,47,59
11/9/2024,5L STRAWBERRY,8,450
11/10/2024,100ML VANILLA,136,13
11/10/2024,250ML VANILLA,102,30
11/10/2024,500ML VANILLA,63,59
11/10/2024,100ML STRAWBERRY,115,13
11/10/2024,250ML STRAWBERRY,74,30
11/10/2024,500ML STRAWBERRY,47,59
11/10/2024,5L STRAWBERRY,9,450
11/11/2024,100ML VANILLA,154,13
11/11/2024,250ML VANILLA,120,30
11/11/2024,500ML VANILLA,92,59
11/11/2024,100ML STRAWBERRY,134,13
11/11/2024,250ML STRAWBERRY,85,30
11/11/2024,500ML STRAWBERRY,82,59
11/11/2024,5L STRAWBERRY,10,450
11/12/2024,100ML VANILLA,192,13
11/12/2024,250ML VANILLA,108,30
11/12/2024,500ML VANILLA,80,59
11/12/2024,100ML STRAWBERRY,160,13
11/12/2024,250ML STRAWBERRY,88,30
11/12/2024,500ML STRAWBERRY,65,59
11/12/2024,5L STRAWBERRY,11,450
11/13/2024,100ML VANILLA,140,13
11/13/2024,250ML VANILLA,95,30
11/13/2024,500ML VANILLA,61,59
11/13/2024,100ML STRAWBERRY,107,13
11/13/2024,250ML STRAWBERRY,69,30
11/13/2024,500ML STRAWBERRY,48,59
11/13/2024,5L STRAWBERRY,9,450
11/14/2024,100ML VANILLA,140,13
11/14/2024,250ML VANILLA,104,30
11/14/2024,500ML VANILLA,63,59
11/14/2024,100ML STRAWBERRY,105,13
11/14/2024,250ML STRAWBERRY,76,30
11/14/2024,500ML STRAWBERRY,49,59
11/14/2024,5L STRAWBERRY,8,450
11/15/2024,100ML VANILLA,137,13
11/15/2024,250ML VANILLA,106,30
11/15/2024,500ML VANILLA,68,59
11/15/2024,100ML STRAWBERRY,121,13
11/15/2024,250ML STRAWBERRY,79,30
11/15/2024,500ML STRAWBERRY,58,59
11/15/2024,5L STRAWBERRY,7,450
11/16/2024,100ML VANILLA,117,13
11/16/2024,250ML VANILLA,100,30
11/16/2024,500ML VANILLA,70,59
11/16/2024,100ML STRAWBERRY,99,13
11/16/2024,250ML STRAWBERRY,82,30
11/16/2024,500ML STRAWBERRY,59,59
11/16/2024,5L STRAWBERRY,9,450
11/17/2024,100ML VANILLA,133,13
11/17/2024,250ML VANILLA,80,30
11/17/2024,500ML VANILLA,73,59
11/17/2024,100ML STRAWBERRY,103,13
11/17/2024,250ML STRAWBERRY,66,30
11/17/2024,500ML STRAWBERRY,50,59
11/17/2024,5L STRAWBERRY,7,450
11/18/2024,100ML VANILLA,157,13
11/18/2024,250ML VANILLA,129,30
11/18/2024,500ML VANILLA,96,59
11/18/2024,100ML STRAWBERRY,127,13
11/18/2024,250ML STRAWBERRY,114,30
11/18/2024,500ML STRAWBERRY,79,59
11/18/2024,5L STRAWBERRY,13,450
11/19/2024,100ML VANILLA,199,13
11/19/2024,250ML VANILLA,110,30
11/19/2024,500ML VANILLA,77,59
11/19/2024,100ML STRAWBERRY,164,13
11/19/2024,250ML STRAWBERRY,116,30
11/19/2024,500ML STRAWBERRY,64,59
11/19/2024,5L STRAWBERRY,12,450
11/20/2024,100ML VANILLA,140,13
11/20/2024,250ML VANILLA,93,30
11/20/2024,500ML VANILLA,61,59
11/20/2024,100ML STRAWBERRY,96,13
11/20/2024,250ML STRAWBERRY,83,30
11/20/2024,500ML STRAWBERRY,51,59
11/20/2024,5L STRAWBERRY,10,450
11/21/2024,100ML VANILLA,163,13
11/21/2024,250ML VANILLA,130,30
11/21/2024,500ML VANILLA,81,59
11/21/2024,100ML STRAWBERRY,121,13
11/21/2024,250ML STRAWBERRY,84,30
11/21/2024,500ML STRAWBERRY,60,59
11/21/2024,5L STRAWBERRY,10,450
11/22/2024,100ML VANILLA,166,13
11/22/2024,250ML VANILLA,113,30
11/22/2024,500ML VANILLA,73,59
11/22/2024,100ML STRAWBERRY,123,13
11/22/2024,250ML STRAWBERRY,82,30
11/22/2024,500ML STRAWBERRY,70,59
11/22/2024,5L STRAWBERRY,12,450
11/23/2024,100ML VANILLA,158,13
11/23/2024,250ML VANILLA,103,30
11/23/2024,500ML VANILLA,90,59
11/23/2024,100ML STRAWBERRY,141,13
11/23/2024,250ML STRAWBERRY,82,30
11/23/2024,500ML STRAWBERRY,64,59
11/23/2024,5L STRAWBERRY,12,450
11/24/2024,100ML VANILLA,148,13
11/24/2024,250ML VANILLA,124,30
11/24/2024,500ML VANILLA,89,59
11/24/2024,100ML STRAWBERRY,140,13
11/24/2024,250ML STRAWBERRY,91,30
11/24/2024,500ML STRAWBERRY,75,59
11/24/2024,5L STRAWBERRY,12,450
11/25/2024,100ML VANILLA,192,13
11/25/2024,250ML VANILLA,141,30
11/25/2024,500ML VANILLA,116,59
11/25/2024,100ML STRAWBERRY,170,13
11/25/2024,250ML STRAWBERRY,115,30
11/25/2024,500ML STRAWBERRY,92,59
11/25/2024,5L STRAWBERRY,13,450
11/26/2024,100ML VANILLA,215,13
11/26/2024,250ML VANILLA,164,30
11/26/2024,500ML VANILLA,97,59
11/26/2024,100ML STRAWBERRY,165,13
11/26/2024,250ML STRAWBERRY,111,30
11/26/2024,500ML STRAWBERRY,87,59
11/26/2024,5L STRAWBERRY,15,450
11/27/2024,100ML VANILLA,144,13
11/27/2024,250ML VANILLA,102,30
11/27/2024,500ML VANILLA,79,59
11/27/2024,100ML STRAWBERRY,127,13
11/27/2024,250ML STRAWBERRY,87,30
11/27/2024,500ML STRAWBERRY,59,59
11/27/2024,5L STRAWBERRY,11,450
11/28/2024,100ML VANILLA,156,13
11/28/2024,250ML VANILLA,132,30
11/28/2024,500ML VANILLA,81,59
11/28/2024,100ML STRAWBERRY,149,13
11/28/2024,250ML STRAWBERRY,94,30
11/28/2024,500ML STRAWBERRY,66,59
11/28/2024,5L STRAWBERRY,10,450
11/29/2024,100ML VANILLA,181,13
11/29/2024,250ML VANILLA,113,30
11/29/2024,500ML VANILLA,88,59
11/29/2024,100ML STRAWBERRY,138,13
11/29/2024,250ML STRAWBERRY,101,30
11/29/2024,500ML STRAWBERRY,75,59
11/29/2024,5L STRAWBERRY,12,450
11/30/2024,100ML VANILLA,153,13
11/30/2024,150ML VANILLA,109,20.7
11/30/2024,250ML VANILLA,109,30
11/30/2024,500ML VANILLA,83,59
11/30/2024,100ML STRAWBERRY,123,13
11/30/2024,250ML STRAWBERRY,104,30
11/30/2024,500ML STRAWBERRY,66,59
11/30/2024,5L STRAWBERRY,10,450
12/1/2024,100ML VANILLA,158,13
12/1/2024,250ML VANILLA,125,30
12/1/2024,500ML VANILLA,82,59
12/1/2024,100ML STRAWBERRY,130,13
12/1/2024,150ML STRAWBERRY,97,20.7
12/1/2024,250ML STRAWBERRY,97,30
12/1/2024,500ML STRAWBERRY,75,59
12/1/2024,5L STRAWBERRY,11,450
12/2/2024,100ML VANILLA,208,13
12/2/2024,250ML VANILLA,149,30
12/2/2024,500ML VANILLA,107,59
12/2/2024,100ML STRAWBERRY,183,13
12/2/2024,250ML STRAWBERRY,118,30
12/2/2024,500ML STRAWBERRY,94,59
12/2/2024,5L STRAWBERRY,12,450
12/3/2024,100ML VANILLA,208,13
12/3/2024,250ML VANILLA,163,30
12/3/2024,500ML VANILLA,119,59
12/3/2024,100ML STRAWBERRY,200,13
12/3/2024,250ML STRAWBERRY,121,30
12/3/2024,500ML STRAWBERRY,95,59
12/3/2024,5L STRAWBERRY,16,450
12/4/2024,100ML VANILLA,186,13
12/4/2024,250ML VANILLA,126,30
12/4/2024,500ML VANILLA,80,59
12/4/2024,100ML STRAWBERRY,122,13
12/4/2024,250ML STRAWBERRY,103,30
12/4/2024,500ML STRAWBERRY,72,59
12/4/2024,5L STRAWBERRY,12,450
12/5/2024,100ML VANILLA,147,13
12/5/2024,250ML VANILLA,113,30
12/5/2024,500ML VANILLA,88,59
12/5/2024,100ML STRAWBERRY,116,13
12/5/2024,250ML STRAWBERRY,103,30
12/5/2024,500ML STRAWBERRY,63,59
12/5/2024,5L STRAWBERRY,12,450
12/6/2024,100ML VANILLA,150,13
12/6/2024,250ML VANILLA,116,30
12/6/2024,500ML VANILLA,70,59
12/6/2024,100ML STRAWBERRY,131,13
12/6/2024,250ML STRAWBERRY,84,30
12/6/2024,500ML STRAWBERRY,70,59
12/6/2024,5L STRAWBERRY,10,450
12/7/2024,100ML VANILLA,175,13
12/7/2024,250ML VANILLA,109,30
12/7/2024,500ML VANILLA,74,59
12/7/2024,100ML STRAWBERRY,152,13
12/7/2024,250ML STRAWBERRY,99,30
12/7/2024,500ML STRAWBERRY,64,59
12/7/2024,5L STRAWBERRY,9,450
12/8/2024,100ML VANILLA,170,13
12/8/2024,250ML VANILLA,129,30
12/8/2024,500ML VANILLA,81,59
12/8/2024,100ML STRAWBERRY,125,13
12/8/2024,250ML STRAWBERRY,87,30
12/8/2024,500ML STRAWBERRY,71,59
12/8/2024,5L STRAWBERRY,11,450
12/9/2024,100ML VANILLA,206,13
12/9/2024,250ML VANILLA,162,30
12/9/2024,500ML VANILLA,104,59
12/9/2024,100ML STRAWBERRY,184,13
12/9/2024,250ML STRAWBERRY,142,30
12/9/2024,500ML STRAWBERRY,96,59
12/9/2024,5L STRAWBERRY,13,450
12/10/2024,100ML VANILLA,185,13
12/10/2024,250ML VANILLA,159,30
12/10/2024,500ML VANILLA,102,59
12/10/2024,100ML STRAWBERRY,204,13
12/10/2024,250ML STRAWBERRY,114,30
12/10/2024,500ML STRAWBERRY,101,59
12/10/2024,5L STRAWBERRY,16,450
12/11/2024,100ML VANILLA,171,13
12/11/2024,250ML VANILLA,123,30
12/11/2024,500ML VANILLA,93,59
12/11/2024,100ML STRAWBERRY,133,13
12/11/2024,250ML STRAWBERRY,82,30
12/11/2024,500ML STRAWBERRY,69,59
12/11/2024,5L STRAWBERRY,11,450
12/12/2024,100ML VANILLA,163,13
12/12/2024,250ML VANILLA,129,30
12/12/2024,500ML VANILLA,80,59
12/12/2024,100ML STRAWBERRY,147,13
12/12/2024,250ML STRAWBERRY,84,30
12/12/2024,500ML STRAWBERRY,60,59
12/12/2024,5L STRAWBERRY,12,450
12/13/2024,100ML VANILLA,148,13
12/13/2024,250ML VANILLA,107,30
12/13/2024,500ML VANILLA,78,59
12/13/2024,100ML STRAWBERRY,127,13
12/13/2024,150ML STRAWBERRY,90,20.7
12/13/2024,500ML STRAWBERRY,63,59
12/13/2024,5L STRAWBERRY,11,450
12/14/2024,100ML VANILLA,162,13
12/14/2024,150ML VANILLA,99,20.7
12/14/2024,500ML VANILLA,80,59
12/14/2024,100ML STRAWBERRY,131,13
12/14/2024,250ML STRAWBERRY,81,30
12/14/2024,500ML STRAWBERRY,60,59
12/14/2024,5L STRAWBERRY,11,450
12/15/2024,100ML VANILLA,183,13
12/15/2024,250ML VANILLA,109,30
12/15/2024,500ML VANILLA,89,59
12/15/2024,100ML STRAWBERRY,139,13
12/15/2024,250ML STRAWBERRY,96,30
12/15/2024,500ML STRAWBERRY,63,59
12/15/2024,5L STRAWBERRY,10,450
12/16/2024,100ML VANILLA,218,13
12/16/2024,250ML VANILLA,138,30
12/16/2024,500ML VANILLA,115,59
12/16/2024,100ML STRAWBERRY,209,13
12/16/2024,250ML STRAWBERRY,110,30
12/16/2024,500ML STRAWBERRY,85,59
12/16/2024,5L STRAWBERRY,14,450
12/17/2024,100ML VANILLA,201,13
12/17/2024,250ML VANILLA,161,30
12/17/2024,500ML VANILLA,117,59
12/17/2024,100ML STRAWBERRY,165,13
12/17/2024,250ML STRAWBERRY,130,30
12/17/2024,500ML STRAWBERRY,100,59
12/17/2024,5L STRAWBERRY,14,450
12/18/2024,100ML VANILLA,168,13
12/18/2024,250ML VANILLA,125,30
12/18/2024,500ML VANILLA,76,59
12/18/2024,100ML STRAWBERRY,129,13
12/18/2024,250ML STRAWBERRY,105,30
12/18/2024,500ML STRAWBERRY,66,59
12/18/2024,5L STRAWBERRY,11,450
12/19/2024,100ML VANILLA,175,13
12/19/2024,250ML VANILLA,105,30
12/19/2024,500ML VANILLA,83,59
12/19/2024,100ML STRAWBERRY,150,13
12/19/2024,250ML STRAWBERRY,93,30
12/19/2024,500ML STRAWBERRY,78,59
12/19/2024,5L STRAWBERRY,11,450
12/20/2024,100ML VANILLA,173,13
12/20/2024,250ML VANILLA,112,30
12/20/2024,500ML VANILLA,80,59
12/20/2024,100ML STRAWBERRY,144,13
12/20/2024,250ML STRAWBERRY,90,30
12/20/2024,500ML STRAWBERRY,71,59
12/20/2024,5L STRAWBERRY,11,450
12/21/2024,100ML VANILLA,175,13
12/21/2024,250ML VANILLA,121,30
12/21/2024,500ML VANILLA,71,59
12/21/2024,100ML STRAWBERRY,123,13
12/21/2024,250ML STRAWBERRY,89,30
12/21/2024,500ML STRAWBERRY,62,59
12/21/2024,5L STRAWBERRY,10,450
12/22/2024,100ML VANILLA,116,13
12/22/2024,150ML VANILLA,94,20.7
12/22/2024,500ML VANILLA,50,59
12/22/2024,100ML STRAWBERRY,108,13
12/22/2024,250ML STRAWBERRY,71,30
12/22/2024,500ML STRAWBERRY,44,59
12/22/2024,5L STRAWBERRY,8,450
12/23/2024,100ML VANILLA,146,13
12/23/2024,250ML VANILLA,128,30
12/23/2024,500ML VANILLA,77,59
12/23/2024,100ML STRAWBERRY,116,13
12/23/2024,250ML STRAWBERRY,86,30
12/23/2024,500ML STRAWBERRY,62,59
12/23/2024,5L STRAWBERRY,9,450
12/24/2024,100ML VANILLA,135,13
12/24/2024,250ML VANILLA,116,30
12/24/2024,500ML VANILLA,77,59
12/24/2024,100ML STRAWBERRY,134,13
12/24/2024,250ML STRAWBERRY,81,30
12/24/2024,500ML STRAWBERRY,60,59
12/24/2024,5L STRAWBERRY,12,450
12/25/2024,100ML VANILLA,112,13
12/25/2024,250ML VANILLA,91,30
12/25/2024,500ML VANILLA,63,59
12/25/2024,100ML STRAWBERRY,101,13
12/25/2024,250ML STRAWBERRY,76,30
12/25/2024,500ML STRAWBERRY,48,59
12/25/2024,5L STRAWBERRY,9,450
12/26/2024,100ML VANILLA,107,13
12/26/2024,250ML VANILLA,77,30
12/26/2024,500ML VANILLA,61,59
12/26/2024,100ML STRAWBERRY,110,13
12/26/2024,250ML STRAWBERRY,76,30
12/26/2024,500ML STRAWBERRY,46,59
12/26/2024,5L STRAWBERRY,7,450
12/27/2024,100ML VANILLA,125,13
12/27/2024,250ML VANILLA,90,30
12/27/2024,500ML VANILLA,58,59
12/27/2024,100ML STRAWBERRY,103,13
12/27/2024,250ML STRAWBERRY,69,30
12/27/2024,500ML STRAWBERRY,43,59
12/27/2024,5L STRAWBERRY,7,450
12/28/2024,100ML VANILLA,124,13
12/28/2024,250ML VANILLA,92,30
12/28/2024,500ML VANILLA,66,59
12/28/2024,100ML STRAWBERRY,101,13
12/28/2024,150ML STRAWBERRY,74,20.7
12/28/2024,500ML STRAWBERRY,53,59
12/28/2024,5L STRAWBERRY,8,450
12/29/2024,100ML VANILLA,130,13
12/29/2024,250ML VANILLA,77,30
12/29/2024,500ML VANILLA,57,59
12/29/2024,100ML STRAWBERRY,96,13
12/29/2024,250ML STRAWBERRY,67,30
12/29/2024,500ML STRAWBERRY,47,59
12/29/2024,5L STRAWBERRY,8,450
12/30/2024,100ML VANILLA,142,13
12/30/2024,250ML VANILLA,110,30
12/30/2024,500ML VANILLA,71,59
12/30/2024,100ML STRAWBERRY,137,13
12/30/2024,250ML STRAWBERRY,92,30
12/30/2024,500ML STRAWBERRY,68,59
12/30/2024,5L STRAWBERRY,10,450
12/31/2024,100ML VANILLA,147,13
12/31/2024,250ML VANILLA,115,30
12/31/2024,500ML VANILLA,79,59
12/31/2024,100ML STRAWBERRY,138,13
12/31/2024,250ML STRAWBERRY,99,30
12/31/2024,500ML STRAWBERRY,62,59
12/31/2024,5L STRAWBERRY,12,450
1/1/2025,100ML VANILLA,118,13
1/1/2025,250ML VANILLA,71,30
1/1/2025,500ML VANILLA,53,59
1/1/2025,100ML STRAWBERRY,102,13
1/1/2025,250ML STRAWBERRY,70,30
1/1/2025,500ML STRAWBERRY,55,59
1/1/2025,5L STRAWBERRY,8,450
1/2/2025,100ML VANILLA,123,13
1/2/2025,250ML VANILLA,79,30
1/2/2025,500ML VANILLA,65,59
1/2/2025,100ML STRAWBERRY,107,13
1/2/2025,250ML STRAWBERRY,70,30
1/2/2025,500ML STRAWBERRY,44,59
1/2/2025,5L STRAWBERRY,8,450
1/3/2025,100ML VANILLA,131,13
1/3/2025,250ML VANILLA,84,30
1/3/2025,500ML VANILLA,65,59
1/3/2025,100ML STRAWBERRY,100,13
1/3/2025,250ML STRAWBERRY,62,30
1/3/2025,500ML STRAWBERRY,50,59
1/3/2025,5L STRAWBERRY,8,450
1/4/2025,100ML VANILLA,131,13
1/4/2025,250ML VANILLA,90,30
1/4/2025,500ML VANILLA,65,59
1/4/2025,100ML STRAWBERRY,95,13
1/4/2025,250ML STRAWBERRY,67,30
1/4/2025,500ML STRAWBERRY,53,59
1/4/2025,5L STRAWBERRY,8,450
1/5/2025,100ML VANILLA,122,13
1/5/2025,150ML VANILLA,86,20.7
1/5/2025,250ML VANILLA,86,30
1/5/2025,500ML VANILLA,61,59
1/5/2025,100ML STRAWBERRY,94,13
1/5/2025,250ML STRAWBERRY,79,30
1/5/2025,500ML STRAWBERRY,56,59
1/5/2025,5L STRAWBERRY,8,450
1/6/2025,100ML VANILLA,142,13
1/6/2025,250ML VANILLA,113,30
1/6/2025,500ML VANILLA,84,59
1/6/2025,100ML STRAWBERRY,140,13
1/6/2025,250ML STRAWBERRY,86,30
1/6/2025,500ML STRAWBERRY,73,59
1/6/2025,5L STRAWBERRY,9,450
1/7/2025,100ML VANILLA,165,13
1/7/2025,250ML VANILLA,119,30
1/7/2025,500ML VANILLA,74,59
1/7/2025,100ML STRAWBERRY,146,13
1/7/2025,250ML STRAWBERRY,87,30
1/7/2025,500ML STRAWBERRY,57,59
1/7/2025,5L STRAWBERRY,9,450
1/8/2025,100ML VANILLA,124,13
1/8/2025,250ML VANILLA,90,30
1/8/2025,500ML VANILLA,54,59
1/8/2025,100ML STRAWBERRY,107,13
1/8/2025,250ML STRAWBERRY,70,30
1/8/2025,500ML STRAWBERRY,46,59
1/8/2025,5L STRAWBERRY,9,450
1/9/2025,100ML VANILLA,116,13
1/9/2025,150ML VANILLA,78,20.7
1/9/2025,250ML VANILLA,78,30
1/9/2025,500ML VANILLA,63,59
1/9/2025,100ML STRAWBERRY,105,13
1/9/2025,250ML STRAWBERRY,73,30
1/9/2025,500ML STRAWBERRY,53,59
1/9/2025,5L STRAWBERRY,8,450
1/10/2025,100ML VANILLA,134,13
1/10/2025,250ML VANILLA,76,30
1/10/2025,500ML VANILLA,53,59
1/10/2025,100ML STRAWBERRY,99,13
1/10/2025,250ML STRAWBERRY,68,30
1/10/2025,500ML STRAWBERRY,44,59
1/10/2025,5L STRAWBERRY,7,450
1/11/2025,100ML VANILLA,123,13
1/11/2025,150ML VANILLA,75,20.7
1/11/2025,250ML VANILLA,75,30
1/11/2025,500ML VANILLA,50,59
1/11/2025,100ML STRAWBERRY,102,13
1/11/2025,250ML STRAWBERRY,69,30
1/11/2025,500ML STRAWBERRY,47,59
1/11/2025,5L STRAWBERRY,7,450
1/12/2025,100ML VANILLA,104,13
1/12/2025,250ML VANILLA,84,30
1/12/2025,500ML VANILLA,58,59
1/12/2025,100ML STRAWBERRY,90,13
1/12/2025,250ML STRAWBERRY,66,30
1/12/2025,500ML STRAWBERRY,45,59
1/12/2025,5L STRAWBERRY,8,450
1/13/2025,100ML VANILLA,169,13
1/13/2025,250ML VANILLA,97,30
1/13/2025,500ML VANILLA,77,59
1/13/2025,100ML STRAWBERRY,138,13
1/13/2025,250ML STRAWBERRY,105,30
1/13/2025,500ML STRAWBERRY,61,59
1/13/2025,5L STRAWBERRY,12,450
1/14/2025,100ML VANILLA,161,13
1/14/2025,250ML VANILLA,125,30
1/14/2025,500ML VANILLA,76,59
1/14/2025,100ML STRAWBERRY,127,13
1/14/2025,250ML STRAWBERRY,103,30
1/14/2025,500ML STRAWBERRY,65,59
1/14/2025,5L STRAWBERRY,9,450
1/15/2025,100ML VANILLA,115,13
1/15/2025,250ML VANILLA,73,30
1/15/2025,500ML VANILLA,63,59
1/15/2025,100ML STRAWBERRY,94,13
1/15/2025,250ML STRAWBERRY,70,30
1/15/2025,500ML STRAWBERRY,56,59
1/15/2025,5L STRAWBERRY,8,450
1/16/2025,100ML VANILLA,125,13
1/16/2025,150ML VANILLA,83,20.7
1/16/2025,250ML VANILLA,83,30
1/16/2025,500ML VANILLA,50,59
1/16/2025,100ML STRAWBERRY,108,13
1/16/2025,150ML STRAWBERRY,70,20.7
1/16/2025,250ML STRAWBERRY,70,30
1/16/2025,500ML STRAWBERRY,46,59
1/16/2025,5L STRAWBERRY,8,450
1/17/2025,100ML VANILLA,102,13
1/17/2025,250ML VANILLA,85,30
1/17/2025,500ML VANILLA,61,59
1/17/2025,100ML STRAWBERRY,101,13
1/17/2025,250ML STRAWBERRY,59,30
1/17/2025,500ML STRAWBERRY,43,59
1/17/2025,5L STRAWBERRY,7,450
1/18/2025,100ML VANILLA,128,13
1/18/2025,250ML VANILLA,81,30
1/18/2025,500ML VANILLA,59,59
1/18/2025,100ML STRAWBERRY,89,13
1/18/2025,250ML STRAWBERRY,75,30
1/18/2025,500ML STRAWBERRY,55,59
1/18/2025,5L STRAWBERRY,8,450
1/19/2025,100ML VANILLA,128,13
1/19/2025,250ML VANILLA,78,30
1/19/2025,500ML VANILLA,60,59
1/19/2025,100ML STRAWBERRY,84,13
1/19/2025,250ML STRAWBERRY,71,30
1/19/2025,500ML STRAWBERRY,56,59
1/19/2025,5L STRAWBERRY,8,450
1/20/2025,100ML VANILLA,153,13
1/20/2025,250ML VANILLA,119,30
1/20/2025,500ML VANILLA,71,59
1/20/2025,100ML STRAWBERRY,144,13
1/20/2025,150ML STRAWBERRY,84,20.7
1/20/2025,500ML STRAWBERRY,72,59
1/20/2025,5L STRAWBERRY,12,450
1/21/2025,100ML VANILLA,168,13
1/21/2025,250ML VANILLA,109,30
1/21/2025,500ML VANILLA,74,59
1/21/2025,100ML STRAWBERRY,140,13
1/21/2025,250ML STRAWBERRY,88,30
1/21/2025,500ML STRAWBERRY,62,59
1/21/2025,5L STRAWBERRY,13,450
1/22/2025,100ML VANILLA,124,13
1/22/2025,250ML VANILLA,84,30
1/22/2025,500ML VANILLA,64,59
1/22/2025,100ML STRAWBERRY,99,13
1/22/2025,250ML STRAWBERRY,62,30
1/22/2025,500ML STRAWBERRY,48,59
1/22/2025,5L STRAWBERRY,8,450
1/23/2025,100ML VANILLA,111,13
1/23/2025,250ML VANILLA,99,30
1/23/2025,500ML VANILLA,60,59
1/23/2025,100ML STRAWBERRY,104,13
1/23/2025,250ML STRAWBERRY,74,30
1/23/2025,500ML STRAWBERRY,57,59
1/23/2025,5L STRAWBERRY,8,450
1/24/2025,100ML VANILLA,136,13
1/24/2025,250ML VANILLA,75,30
1/24/2025,500ML VANILLA,61,59
1/24/2025,100ML STRAWBERRY,107,13
1/24/2025,250ML STRAWBERRY,73,30
1/24/2025,500ML STRAWBERRY,53,59
1/24/2025,5L STRAWBERRY,10,450
1/25/2025,100ML VANILLA,135,13
1/25/2025,250ML VANILLA,81,30
1/25/2025,500ML VANILLA,67,59
1/25/2025,100ML STRAWBERRY,104,13
1/25/2025,250ML STRAWBERRY,71,30
1/25/2025,500ML STRAWBERRY,54,59
1/25/2025,5L STRAWBERRY,9,450
1/26/2025,100ML VANILLA,114,13
1/26/2025,250ML VANILLA,86,30
1/26/2025,500ML VANILLA,71,59
1/26/2025,100ML STRAWBERRY,118,13
1/26/2025,250ML STRAWBERRY,73,30
1/26/2025,500ML STRAWBERRY,48,59
1/26/2025,5L STRAWBERRY,7,450
1/27/2025,100ML VANILLA,145,13
1/27/2025,250ML VANILLA,134,30
1/27/2025,500ML VANILLA,84,59
1/27/2025,100ML STRAWBERRY,118,13
1/27/2025,250ML STRAWBERRY,93,30
1/27/2025,500ML STRAWBERRY,70,59
1/27/2025,5L STRAWBERRY,12,450
1/28/2025,100ML VANILLA,169,13
1/28/2025,250ML VANILLA,125,30
1/28/2025,500ML VANILLA,87,59
1/28/2025,100ML STRAWBERRY,142,13
1/28/2025,250ML STRAWBERRY,111,30
1/28/2025,500ML STRAWBERRY,66,59
1/28/2025,5L STRAWBERRY,11,450
1/29/2025,100ML VANILLA,130,13
1/29/2025,250ML VANILLA,78,30
1/29/2025,500ML VANILLA,55,59
1/29/2025,100ML STRAWBERRY,94,13
1/29/2025,250ML STRAWBERRY,70,30
1/29/2025,150ML STRAWBERRY,70,20.7
1/29/2025,500ML STRAWBERRY,46,59
1/29/2025,5L STRAWBERRY,9,450
1/30/2025,100ML VANILLA,125,13
1/30/2025,250ML VANILLA,80,30
1/30/2025,500ML VANILLA,67,59
1/30/2025,100ML STRAWBERRY,91,13
1/30/2025,250ML STRAWBERRY,66,30
1/30/2025,500ML STRAWBERRY,46,59
1/30/2025,5L STRAWBERRY,7,450
1/31/2025,100ML VANILLA,110,13
1/31/2025,250ML VANILLA,92,30
1/31/2025,500ML VANILLA,54,59
1/31/2025,100ML STRAWBERRY,109,13
1/31/2025,250ML STRAWBERRY,65,30
1/31/2025,500ML STRAWBERRY,59,59
1/31/2025,5L STRAWBERRY,7,450
2/1/2025,100ML VANILLA,128,13
2/1/2025,250ML VANILLA,96,30
2/1/2025,500ML VANILLA,65,59
2/1/2025,100ML STRAWBERRY,111,13
2/1/2025,250ML STRAWBERRY,72,30
2/1/2025,500ML STRAWBERRY,48,59
2/1/2025,5L STRAWBERRY,7,450
2/2/2025,100ML VANILLA,139,13
2/2/2025,250ML VANILLA,85,30
2/2/2025,500ML VANILLA,56,59
2/2/2025,100ML STRAWBERRY,105,13
2/2/2025,250ML STRAWBERRY,80,30
2/2/2025,500ML STRAWBERRY,47,59
2/2/2025,5L STRAWBERRY,7,450
2/3/2025,100ML VANILLA,181,13
2/3/2025,150ML VANILLA,130,20.7
2/3/2025,500ML VANILLA,85,59
2/3/2025,100ML STRAWBERRY,123,13
2/3/2025,250ML STRAWBERRY,90,30
2/3/2025,500ML STRAWBERRY,77,59
2/3/2025,5L STRAWBERRY,12,450
2/4/2025,100ML VANILLA,182,13
2/4/2025,250ML VANILLA,104,30
2/4/2025,500ML VANILLA,83,59
2/4/2025,100ML STRAWBERRY,155,13
2/4/2025,250ML STRAWBERRY,110,30
2/4/2025,500ML STRAWBERRY,64,59
2/4/2025,5L STRAWBERRY,12,450
2/5/2025,100ML VANILLA,107,13
2/5/2025,250ML VANILLA,93,30
2/5/2025,500ML VANILLA,60,59
2/5/2025,100ML STRAWBERRY,94,13
2/5/2025,250ML STRAWBERRY,67,30
2/5/2025,500ML STRAWBERRY,51,59
2/5/2025,5L STRAWBERRY,8,450
2/6/2025,100ML VANILLA,135,13
2/6/2025,250ML VANILLA,97,30
2/6/2025,500ML VANILLA,61,59
2/6/2025,100ML STRAWBERRY,97,13
2/6/2025,250ML STRAWBERRY,70,30
2/6/2025,500ML STRAWBERRY,55,59
2/6/2025,5L STRAWBERRY,9,450
2/7/2025,100ML VANILLA,123,13
2/7/2025,250ML VANILLA,79,30
2/7/2025,500ML VANILLA,61,59
2/7/2025,100ML STRAWBERRY,106,13
2/7/2025,150ML STRAWBERRY,76,20.7
2/7/2025,500ML STRAWBERRY,57,59
2/7/2025,5L STRAWBERRY,7,450
2/8/2025,100ML VANILLA,142,13
2/8/2025,250ML VANILLA,77,30
2/8/2025,500ML VANILLA,53,59
2/8/2025,100ML STRAWBERRY,97,13
2/8/2025,250ML STRAWBERRY,76,30
2/8/2025,500ML STRAWBERRY,56,59
2/8/2025,5L STRAWBERRY,9,450
2/9/2025,100ML VANILLA,131,13
2/9/2025,250ML VANILLA,81,30
2/9/2025,500ML VANILLA,68,59
2/9/2025,100ML STRAWBERRY,91,13
2/9/2025,250ML STRAWBERRY,73,30
2/9/2025,500ML STRAWBERRY,46,59
2/9/2025,5L STRAWBERRY,7,450
2/10/2025,100ML VANILLA,146,13
2/10/2025,250ML VANILLA,130,30
2/10/2025,500ML VANILLA,83,59
2/10/2025,100ML STRAWBERRY,141,13
2/10/2025,250ML STRAWBERRY,84,30
2/10/2025,500ML STRAWBERRY,65,59
2/10/2025,5L STRAWBERRY,13,450
2/11/2025,100ML VANILLA,191,13
2/11/2025,250ML VANILLA,122,30
2/11/2025,500ML VANILLA,96,59
2/11/2025,100ML STRAWBERRY,132,13
2/11/2025,250ML STRAWBERRY,85,30
2/11/2025,500ML STRAWBERRY,64,59
2/11/2025,5L STRAWBERRY,12,450
2/12/2025,100ML VANILLA,138,13
2/12/2025,250ML VANILLA,91,30
2/12/2025,500ML VANILLA,72,59
2/12/2025,100ML STRAWBERRY,112,13
2/12/2025,250ML STRAWBERRY,83,30
2/12/2025,500ML STRAWBERRY,52,59
2/12/2025,5L STRAWBERRY,7,450
2/13/2025,100ML VANILLA,110,13
2/13/2025,250ML VANILLA,102,30
2/13/2025,500ML VANILLA,58,59
2/13/2025,100ML STRAWBERRY,119,13
2/13/2025,250ML STRAWBERRY,62,30
2/13/2025,500ML STRAWBERRY,47,59
2/13/2025,5L STRAWBERRY,9,450
2/14/2025,100ML VANILLA,107,13
2/14/2025,250ML VANILLA,89,30
2/14/2025,500ML VANILLA,70,59
2/14/2025,100ML STRAWBERRY,118,13
2/14/2025,250ML STRAWBERRY,82,30
2/14/2025,500ML STRAWBERRY,48,59
2/14/2025,5L STRAWBERRY,9,450
2/15/2025,100ML VANILLA,114,13
2/15/2025,250ML VANILLA,91,30
2/15/2025,500ML VANILLA,54,59
2/15/2025,100ML STRAWBERRY,110,13
2/15/2025,250ML STRAWBERRY,75,30
2/15/2025,500ML STRAWBERRY,51,59
2/15/2025,5L STRAWBERRY,8,450
2/16/2025,100ML VANILLA,121,13
2/16/2025,250ML VANILLA,97,30
2/16/2025,500ML VANILLA,60,59
2/16/2025,100ML STRAWBERRY,117,13
2/16/2025,250ML STRAWBERRY,68,30
2/16/2025,500ML STRAWBERRY,45,59
2/16/2025,5L STRAWBERRY,8,450
2/17/2025,100ML VANILLA,170,13
2/17/2025,250ML VANILLA,125,30
2/17/2025,500ML VANILLA,96,59
2/17/2025,100ML STRAWBERRY,140,13
2/17/2025,250ML STRAWBERRY,84,30
2/17/2025,500ML STRAWBERRY,72,59
2/17/2025,5L STRAWBERRY,12,450
2/18/2025,100ML VANILLA,171,13
2/18/2025,250ML VANILLA,120,30
2/18/2025,500ML VANILLA,82,59
2/18/2025,100ML STRAWBERRY,129,13
2/18/2025,250ML STRAWBERRY,94,30
2/18/2025,500ML STRAWBERRY,65,59
2/18/2025,5L STRAWBERRY,10,450
2/19/2025,100ML VANILLA,113,13
2/19/2025,250ML VANILLA,82,30
2/19/2025,500ML VANILLA,62,59
2/19/2025,100ML STRAWBERRY,91,13
2/19/2025,250ML STRAWBERRY,65,30
2/19/2025,500ML STRAWBERRY,48,59
2/19/2025,5L STRAWBERRY,9,450
2/20/2025,100ML VANILLA,126,13
2/20/2025,150ML VANILLA,96,20.7
2/20/2025,500ML VANILLA,64,59
2/20/2025,100ML STRAWBERRY,102,13
2/20/2025,250ML STRAWBERRY,63,30
2/20/2025,500ML STRAWBERRY,52,59
2/20/2025,5L STRAWBERRY,8,450
2/21/2025,100ML VANILLA,128,13
2/21/2025,250ML VANILLA,105,30
2/21/2025,500ML VANILLA,56,59
2/21/2025,100ML STRAWBERRY,119,13
2/21/2025,250ML STRAWBERRY,71,30
2/21/2025,500ML STRAWBERRY,57,59
2/21/2025,5L STRAWBERRY,10,450
2/22/2025,100ML VANILLA,140,13
2/22/2025,250ML VANILLA,98,30
2/22/2025,500ML VANILLA,64,59
2/22/2025,100ML STRAWBERRY,113,13
2/22/2025,250ML STRAWBERRY,69,30
2/22/2025,500ML STRAWBERRY,53,59
2/22/2025,5L STRAWBERRY,9,450
2/23/2025,100ML VANILLA,114,13
2/23/2025,250ML VANILLA,86,30
2/23/2025,500ML VANILLA,62,59
2/23/2025,100ML STRAWBERRY,114,13
2/23/2025,250ML STRAWBERRY,75,30
2/23/2025,500ML STRAWBERRY,53,59
2/23/2025,5L STRAWBERRY,10,450
2/24/2025,100ML VANILLA,156,13
2/24/2025,250ML VANILLA,135,30
2/24/2025,500ML VANILLA,101,59
2/24/2025,100ML STRAWBERRY,129,13
2/24/2025,250ML STRAWBERRY,89,30
2/24/2025,500ML STRAWBERRY,83,59
2/24/2025,5L STRAWBERRY,10,450
2/25/2025,100ML VANILLA,188,13
2/25/2025,250ML VANILLA,116,30
2/25/2025,500ML VANILLA,91,59
2/25/2025,100ML STRAWBERRY,140,13
2/25/2025,250ML STRAWBERRY,98,30
2/25/2025,500ML STRAWBERRY,65,59
2/25/2025,5L STRAWBERRY,10,450
2/26/2025,100ML VANILLA,146,13
2/26/2025,250ML VANILLA,90,30
2/26/2025,500ML VANILLA,67,59
2/26/2025,100ML STRAWBERRY,105,13
2/26/2025,250ML STRAWBERRY,81,30
2/26/2025,500ML STRAWBERRY,57,59
2/26/2025,5L STRAWBERRY,9,450
2/27/2025,100ML VANILLA,134,13
2/27/2025,250ML VANILLA,89,30
2/27/2025,500ML VANILLA,66,59
2/27/2025,100ML STRAWBERRY,109,13
2/27/2025,250ML STRAWBERRY,72,30
2/27/2025,500ML STRAWBERRY,47,59
2/27/2025,5L STRAWBERRY,10,450
2/28/2025,100ML VANILLA,127,13
2/28/2025,250ML VANILLA,103,30
2/28/2025,500ML VANILLA,63,59
2/28/2025,100ML STRAWBERRY,108,13
2/28/2025,250ML STRAWBERRY,69,30
2/28/2025,500ML STRAWBERRY,53,59
2/28/2025,5L STRAWBERRY,9,450
3/1/2025,100ML VANILLA,119,13
3/1/2025,250ML VANILLA,91,30
3/1/2025,500ML VANILLA,62,59
3/1/2025,100ML STRAWBERRY,101,13
3/1/2025,250ML STRAWBERRY,86,30
3/1/2025,500ML STRAWBERRY,58,59
3/1/2025,5L STRAWBERRY,9,450
3/2/2025,100ML VANILLA,127,13
3/2/2025,150ML VANILLA,85,20.7
3/2/2025,250ML VANILLA,85,30
3/2/2025,500ML VANILLA,69,59
3/2/2025,100ML STRAWBERRY,104,13
3/2/2025,150ML STRAWBERRY,68,20.7
3/2/2025,250ML STRAWBERRY,68,30
3/2/2025,500ML STRAWBERRY,48,59
3/2/2025,5L STRAWBERRY,8,450
3/3/2025,100ML VANILLA,167,13
3/3/2025,250ML VANILLA,134,30
3/3/2025,500ML VANILLA,81,59
3/3/2025,100ML STRAWBERRY,142,13
3/3/2025,250ML STRAWBERRY,110,30
3/3/2025,500ML STRAWBERRY,73,59
3/3/2025,5L STRAWBERRY,11,450
3/4/2025,100ML VANILLA,197,13
3/4/2025,250ML VANILLA,134,30
3/4/2025,500ML VANILLA,88,59
3/4/2025,100ML STRAWBERRY,162,13
3/4/2025,250ML STRAWBERRY,112,30
3/4/2025,500ML STRAWBERRY,80,59
3/4/2025,5L STRAWBERRY,13,450
3/5/2025,100ML VANILLA,138,13
3/5/2025,250ML VANILLA,92,30
3/5/2025,500ML VANILLA,64,59
3/5/2025,100ML STRAWBERRY,110,13
3/5/2025,250ML STRAWBERRY,73,30
3/5/2025,500ML STRAWBERRY,56,59
3/5/2025,5L STRAWBERRY,10,450
3/6/2025,100ML VANILLA,124,13
3/6/2025,250ML VANILLA,84,30
3/6/2025,500ML VANILLA,73,59
3/6/2025,100ML STRAWBERRY,99,13
3/6/2025,250ML STRAWBERRY,72,30
3/6/2025,500ML STRAWBERRY,51,59
3/6/2025,5L STRAWBERRY,9,450
3/7/2025,100ML VANILLA,114,13
3/7/2025,250ML VANILLA,94,30
3/7/2025,500ML VANILLA,62,59
3/7/2025,100ML STRAWBERRY,97,13
3/7/2025,250ML STRAWBERRY,78,30
3/7/2025,500ML STRAWBERRY,63,59
3/7/2025,5L STRAWBERRY,8,450
3/8/2025,100ML VANILLA,139,13
3/8/2025,250ML VANILLA,83,30
3/8/2025,500ML VANILLA,75,59
3/8/2025,100ML STRAWBERRY,118,13
3/8/2025,250ML STRAWBERRY,75,30
3/8/2025,500ML STRAWBERRY,58,59
3/8/2025,5L STRAWBERRY,8,450
3/9/2025,100ML VANILLA,133,13
3/9/2025,250ML VANILLA,88,30
3/9/2025,500ML VANILLA,60,59
3/9/2025,100ML STRAWBERRY,105,13
3/9/2025,250ML STRAWBERRY,71,30
3/9/2025,500ML STRAWBERRY,62,59
3/9/2025,5L STRAWBERRY,8,450
3/10/2025,100ML VANILLA,168,13
3/10/2025,250ML VANILLA,117,30
3/10/2025,500ML VANILLA,94,59
3/10/2025,100ML STRAWBERRY,131,13
3/10/2025,250ML STRAWBERRY,114,30
3/10/2025,500ML STRAWBERRY,69,59
3/10/2025,5L STRAWBERRY,13,450
3/11/2025,100ML VANILLA,175,13
3/11/2025,250ML VANILLA,128,30
3/11/2025,500ML VANILLA,93,59
3/11/2025,100ML STRAWBERRY,152,13
3/11/2025,250ML STRAWBERRY,102,30
3/11/2025,500ML STRAWBERRY,80,59
3/11/2025,5L STRAWBERRY,13,450
3/12/2025,100ML VANILLA,129,13
3/12/2025,250ML VANILLA,95,30
3/12/2025,500ML VANILLA,70,59
3/12/2025,100ML STRAWBERRY,117,13
3/12/2025,250ML STRAWBERRY,75,30
3/12/2025,500ML STRAWBERRY,47,59
3/12/2025,5L STRAWBERRY,8,450
3/13/2025,100ML VANILLA,144,13
3/13/2025,250ML VANILLA,100,30
3/13/2025,500ML VANILLA,66,59
3/13/2025,100ML STRAWBERRY,108,13
3/13/2025,250ML STRAWBERRY,81,30
3/13/2025,500ML STRAWBERRY,50,59
3/13/2025,5L STRAWBERRY,8,450
3/14/2025,100ML VANILLA,146,13
3/14/2025,250ML VANILLA,83,30
3/14/2025,500ML VANILLA,66,59
3/14/2025,100ML STRAWBERRY,111,13
3/14/2025,250ML STRAWBERRY,79,30
3/14/2025,500ML STRAWBERRY,60,59
3/14/2025,5L STRAWBERRY,8,450
3/15/2025,100ML VANILLA,128,13
3/15/2025,250ML VANILLA,97,30
3/15/2025,500ML VANILLA,59,59
3/15/2025,100ML STRAWBERRY,108,13
3/15/2025,250ML STRAWBERRY,67,30
3/15/2025,500ML STRAWBERRY,55,59
3/15/2025,5L STRAWBERRY,8,450
3/16/2025,100ML VANILLA,127,13
3/16/2025,250ML VANILLA,102,30
3/16/2025,500ML VANILLA,71,59
3/16/2025,100ML STRAWBERRY,112,13
3/16/2025,250ML STRAWBERRY,81,30
3/16/2025,500ML STRAWBERRY,50,59
3/16/2025,5L STRAWBERRY,9,450
3/17/2025,100ML VANILLA,185,13
3/17/2025,250ML VANILLA,132,30
3/17/2025,500ML VANILLA,102,59
3/17/2025,100ML STRAWBERRY,140,13
3/17/2025,250ML STRAWBERRY,112,30
3/17/2025,500ML STRAWBERRY,82,59
3/17/2025,5L STRAWBERRY,11,450
3/18/2025,100ML VANILLA,178,13
3/18/2025,250ML VANILLA,110,30
3/18/2025,500ML VANILLA,84,59
3/18/2025,100ML STRAWBERRY,145,13
3/18/2025,250ML STRAWBERRY,95,30
3/18/2025,500ML STRAWBERRY,66,59
3/18/2025,5L STRAWBERRY,13,450
3/19/2025,100ML VANILLA,140,13
3/19/2025,250ML VANILLA,84,30
3/19/2025,500ML VANILLA,71,59
3/19/2025,100ML STRAWBERRY,124,13
3/19/2025,250ML STRAWBERRY,73,30
3/19/2025,500ML STRAWBERRY,55,59
3/19/2025,5L STRAWBERRY,8,450
3/20/2025,100ML VANILLA,125,13
3/20/2025,250ML VANILLA,90,30
3/20/2025,500ML VANILLA,73,59
3/20/2025,100ML STRAWBERRY,116,13
3/20/2025,250ML STRAWBERRY,66,30
3/20/2025,500ML STRAWBERRY,53,59
3/20/2025,5L STRAWBERRY,8,450
3/21/2025,100ML VANILLA,120,13
3/21/2025,250ML VANILLA,84,30
3/21/2025,500ML VANILLA,71,59
3/21/2025,100ML STRAWBERRY,110,13
3/21/2025,250ML STRAWBERRY,77,30
3/21/2025,500ML STRAWBERRY,52,59
3/21/2025,5L STRAWBERRY,8,450
3/22/2025,100ML VANILLA,132,13
3/22/2025,250ML VANILLA,89,30
3/22/2025,500ML VANILLA,66,59
3/22/2025,100ML STRAWBERRY,97,13
3/22/2025,250ML STRAWBERRY,79,30
3/22/2025,500ML STRAWBERRY,57,59
3/22/2025,5L STRAWBERRY,9,450
3/23/2025,100ML VANILLA,156,13
3/23/2025,250ML VANILLA,132,30
3/23/2025,500ML VANILLA,95,59
3/23/2025,100ML STRAWBERRY,152,13
3/23/2025,250ML STRAWBERRY,97,30
3/23/2025,500ML STRAWBERRY,72,59
3/23/2025,5L STRAWBERRY,10,450
3/24/2025,100ML VANILLA,233,13
3/24/2025,250ML VANILLA,160,30
3/24/2025,500ML VANILLA,100,59
3/24/2025,100ML STRAWBERRY,178,13
3/24/2025,250ML STRAWBERRY,144,30
3/24/2025,500ML STRAWBERRY,84,59
3/24/2025,5L STRAWBERRY,17,450
3/25/2025,100ML VANILLA,255,13
3/25/2025,250ML VANILLA,142,30
3/25/2025,500ML VANILLA,104,59
3/25/2025,100ML STRAWBERRY,166,13
3/25/2025,250ML STRAWBERRY,136,30
3/25/2025,500ML STRAWBERRY,98,59
3/25/2025,5L STRAWBERRY,15,450
3/26/2025,100ML VANILLA,155,13
3/26/2025,250ML VANILLA,106,30
3/26/2025,500ML VANILLA,88,59
3/26/2025,100ML STRAWBERRY,130,13
3/26/2025,250ML STRAWBERRY,110,30
3/26/2025,500ML STRAWBERRY,63,59
3/26/2025,5L STRAWBERRY,10,450
3/27/2025,100ML VANILLA,159,13
3/27/2025,250ML VANILLA,126,30
3/27/2025,500ML VANILLA,73,59
3/27/2025,100ML STRAWBERRY,149,13
3/27/2025,250ML STRAWBERRY,94,30
3/27/2025,500ML STRAWBERRY,64,59
3/27/2025,5L STRAWBERRY,13,450
3/28/2025,100ML VANILLA,159,13
3/28/2025,250ML VANILLA,118,30
3/28/2025,500ML VANILLA,74,59
3/28/2025,100ML STRAWBERRY,146,13
3/28/2025,250ML STRAWBERRY,96,30
3/28/2025,500ML STRAWBERRY,69,59
3/28/2025,5L STRAWBERRY,12,450
3/29/2025,100ML VANILLA,198,13
3/29/2025,250ML VANILLA,134,30
3/29/2025,500ML VANILLA,94,59
3/29/2025,100ML STRAWBERRY,153,13
3/29/2025,250ML STRAWBERRY,102,30
3/29/2025,500ML STRAWBERRY,63,59
3/29/2025,5L STRAWBERRY,12,450
3/30/2025,100ML VANILLA,162,13
3/30/2025,250ML VANILLA,127,30
3/30/2025,500ML VANILLA,79,59
3/30/2025,100ML STRAWBERRY,125,13
3/30/2025,250ML STRAWBERRY,113,30
3/30/2025,500ML STRAWBERRY,72,59
3/30/2025,5L STRAWBERRY,10,450
3/31/2025,100ML VANILLA,250,13
3/31/2025,250ML VANILLA,156,30
3/31/2025,500ML VANILLA,116,59
3/31/2025,100ML STRAWBERRY,216,13
3/31/2025,250ML STRAWBERRY,119,30
3/31/2025,500ML STRAWBERRY,109,59
3/31/2025,5L STRAWBERRY,15,450
4/1/2025,100ML VANILLA,208,13
4/1/2025,250ML VANILLA,183,30
4/1/2025,500ML VANILLA,124,59
4/1/2025,100ML STRAWBERRY,191,13
4/1/2025,250ML STRAWBERRY,130,30
4/1/2025,500ML STRAWBERRY,106,59
4/1/2025,5L STRAWBERRY,14,450
4/2/2025,100ML VANILLA,151,13
4/2/2025,250ML VANILLA,133,30
4/2/2025,500ML VANILLA,81,59
4/2/2025,100ML STRAWBERRY,132,13
4/2/2025,250ML STRAWBERRY,107,30
4/2/2025,500ML STRAWBERRY,77,59
4/2/2025,5L STRAWBERRY,12,450
4/3/2025,100ML VANILLA,185,13
4/3/2025,250ML VANILLA,136,30
4/3/2025,500ML VANILLA,77,59
4/3/2025,100ML STRAWBERRY,124,13
4/3/2025,250ML STRAWBERRY,87,30
4/3/2025,500ML STRAWBERRY,70,59
4/3/2025,5L STRAWBERRY,13,450
4/4/2025,100ML VANILLA,147,13
4/4/2025,250ML VANILLA,138,30
4/4/2025,500ML VANILLA,86,59
4/4/2025,100ML STRAWBERRY,142,13
4/4/2025,250ML STRAWBERRY,95,30
4/4/2025,500ML STRAWBERRY,77,59
4/4/2025,5L STRAWBERRY,11,450
4/5/2025,100ML VANILLA,186,13
4/5/2025,250ML VANILLA,121,30
4/5/2025,500ML VANILLA,95,59
4/5/2025,100ML STRAWBERRY,140,13
4/5/2025,250ML STRAWBERRY,84,30
4/5/2025,500ML STRAWBERRY,73,59
4/5/2025,5L STRAWBERRY,12,450
4/6/2025,100ML VANILLA,175,13
4/6/2025,250ML VANILLA,107,30
4/6/2025,500ML VANILLA,84,59
4/6/2025,100ML STRAWBERRY,159,13
4/6/2025,250ML STRAWBERRY,99,30
4/6/2025,500ML STRAWBERRY,63,59
4/6/2025,5L STRAWBERRY,10,450
4/7/2025,100ML VANILLA,230,13
4/7/2025,150ML VANILLA,146,20.7
4/7/2025,250ML VANILLA,146,30
4/7/2025,500ML VANILLA,132,59
4/7/2025,100ML STRAWBERRY,176,13
4/7/2025,150ML STRAWBERRY,133,20.7
4/7/2025,250ML STRAWBERRY,133,30
4/7/2025,500ML STRAWBERRY,100,59
4/7/2025,5L STRAWBERRY,14,450
4/8/2025,100ML VANILLA,217,13
4/8/2025,250ML VANILLA,184,30
4/8/2025,500ML VANILLA,122,59
4/8/2025,100ML STRAWBERRY,175,13
4/8/2025,250ML STRAWBERRY,132,30
4/8/2025,500ML STRAWBERRY,93,59
4/8/2025,5L STRAWBERRY,15,450
4/9/2025,100ML VANILLA,168,13
4/9/2025,250ML VANILLA,129,30
4/9/2025,500ML VANILLA,89,59
4/9/2025,100ML STRAWBERRY,127,13
4/9/2025,250ML STRAWBERRY,92,30
4/9/2025,500ML STRAWBERRY,71,59
4/9/2025,5L STRAWBERRY,13,450
4/10/2025,100ML VANILLA,176,13
4/10/2025,250ML VANILLA,109,30
4/10/2025,500ML VANILLA,89,59
4/10/2025,100ML STRAWBERRY,140,13
4/10/2025,250ML STRAWBERRY,99,30
4/10/2025,500ML STRAWBERRY,80,59
4/10/2025,5L STRAWBERRY,12,450
4/11/2025,100ML VANILLA,165,13
4/11/2025,250ML VANILLA,126,30
4/11/2025,500ML VANILLA,88,59
4/11/2025,100ML STRAWBERRY,145,13
4/11/2025,250ML STRAWBERRY,86,30
4/11/2025,500ML STRAWBERRY,73,59
4/11/2025,5L STRAWBERRY,13,450
4/12/2025,100ML VANILLA,190,13
4/12/2025,250ML VANILLA,134,30
4/12/2025,500ML VANILLA,84,59
4/12/2025,100ML STRAWBERRY,153,13
4/12/2025,250ML STRAWBERRY,107,30
4/12/2025,500ML STRAWBERRY,77,59
4/12/2025,5L STRAWBERRY,11,450
4/13/2025,100ML VANILLA,191,13
4/13/2025,250ML VANILLA,116,30
4/13/2025,500ML VANILLA,81,59
4/13/2025,100ML STRAWBERRY,143,13
4/13/2025,250ML STRAWBERRY,93,30
4/13/2025,500ML STRAWBERRY,76,59
4/13/2025,5L STRAWBERRY,12,450
4/14/2025,100ML VANILLA,249,13
4/14/2025,150ML VANILLA,147,20.7
4/14/2025,250ML VANILLA,147,30
4/14/2025,500ML VANILLA,118,59
4/14/2025,100ML STRAWBERRY,194,13
4/14/2025,150ML STRAWBERRY,149,20.7
4/14/2025,250ML STRAWBERRY,149,30
4/14/2025,500ML STRAWBERRY,92,59
4/14/2025,5L STRAWBERRY,15,450
4/15/2025,100ML VANILLA,269,13
4/15/2025,250ML VANILLA,149,30
4/15/2025,500ML VANILLA,118,59
4/15/2025,100ML STRAWBERRY,192,13
4/15/2025,250ML STRAWBERRY,141,30
4/15/2025,500ML STRAWBERRY,108,59
4/15/2025,5L STRAWBERRY,14,450
4/16/2025,100ML VANILLA,152,13
4/16/2025,250ML VANILLA,129,30
4/16/2025,500ML VANILLA,85,59
4/16/2025,100ML STRAWBERRY,148,13
4/16/2025,250ML STRAWBERRY,86,30
4/16/2025,500ML STRAWBERRY,67,59
4/16/2025,5L STRAWBERRY,11,450
4/17/2025,100ML VANILLA,159,13
4/17/2025,250ML VANILLA,130,30
4/17/2025,500ML VANILLA,93,59
4/17/2025,100ML STRAWBERRY,123,13
4/17/2025,250ML STRAWBERRY,97,30
4/17/2025,500ML STRAWBERRY,74,59
4/17/2025,5L STRAWBERRY,13,450
4/18/2025,100ML VANILLA,174,13
4/18/2025,250ML VANILLA,138,30
4/18/2025,500ML VANILLA,82,59
4/18/2025,100ML STRAWBERRY,141,13
4/18/2025,250ML STRAWBERRY,111,30
4/18/2025,500ML STRAWBERRY,77,59
4/18/2025,5L STRAWBERRY,12,450
4/19/2025,100ML VANILLA,181,13
4/19/2025,150ML VANILLA,137,20.7
4/19/2025,250ML VANILLA,137,30
4/19/2025,500ML VANILLA,98,59
4/19/2025,100ML STRAWBERRY,120,13
4/19/2025,150ML STRAWBERRY,104,20.7
4/19/2025,250ML STRAWBERRY,104,30
4/19/2025,500ML STRAWBERRY,74,59
4/19/2025,5L STRAWBERRY,12,450
4/20/2025,100ML VANILLA,186,13
4/20/2025,250ML VANILLA,113,30
4/20/2025,500ML VANILLA,85,59
4/20/2025,100ML STRAWBERRY,135,13
4/20/2025,250ML STRAWBERRY,114,30
4/20/2025,500ML STRAWBERRY,67,59
4/20/2025,5L STRAWBERRY,12,450
4/21/2025,100ML VANILLA,264,13
4/21/2025,250ML VANILLA,145,30
4/21/2025,500ML VANILLA,116,59
4/21/2025,100ML STRAWBERRY,219,13
4/21/2025,250ML STRAWBERRY,137,30
4/21/2025,500ML STRAWBERRY,86,59
4/21/2025,5L STRAWBERRY,17,450
4/22/2025,100ML VANILLA,242,13
4/22/2025,250ML VANILLA,178,30
4/22/2025,500ML VANILLA,126,59
4/22/2025,100ML STRAWBERRY,162,13
4/22/2025,250ML STRAWBERRY,145,30
4/22/2025,500ML STRAWBERRY,87,59
4/22/2025,5L STRAWBERRY,14,450
4/23/2025,100ML VANILLA,168,13
4/23/2025,150ML VANILLA,116,20.7
4/23/2025,250ML VANILLA,116,30
4/23/2025,500ML VANILLA,89,59
4/23/2025,100ML STRAWBERRY,122,13
4/23/2025,150ML STRAWBERRY,89,20.7
4/23/2025,250ML STRAWBERRY,89,30
4/23/2025,500ML STRAWBERRY,58,59
4/23/2025,5L STRAWBERRY,10,450
4/24/2025,100ML VANILLA,168,13
4/24/2025,250ML VANILLA,104,30
4/24/2025,500ML VANILLA,75,59
4/24/2025,100ML STRAWBERRY,141,13
4/24/2025,250ML STRAWBERRY,84,30
4/24/2025,500ML STRAWBERRY,69,59
4/24/2025,5L STRAWBERRY,10,450
4/25/2025,100ML VANILLA,159,13
4/25/2025,250ML VANILLA,98,30
4/25/2025,500ML VANILLA,78,59
4/25/2025,100ML STRAWBERRY,138,13
4/25/2025,250ML STRAWBERRY,103,30
4/25/2025,500ML STRAWBERRY,69,59
4/25/2025,5L STRAWBERRY,12,450
4/26/2025,100ML VANILLA,170,13
4/26/2025,250ML VANILLA,129,30
4/26/2025,500ML VANILLA,78,59
4/26/2025,100ML STRAWBERRY,143,13
4/26/2025,250ML STRAWBERRY,94,30
4/26/2025,500ML STRAWBERRY,70,59
4/26/2025,5L STRAWBERRY,11,450
4/27/2025,100ML VANILLA,145,13
4/27/2025,250ML VANILLA,115,30
4/27/2025,500ML VANILLA,78,59
4/27/2025,100ML STRAWBERRY,139,13
4/27/2025,250ML STRAWBERRY,105,30
4/27/2025,500ML STRAWBERRY,58,59
4/27/2025,5L STRAWBERRY,10,450
4/28/2025,100ML VANILLA,195,13
4/28/2025,250ML VANILLA,155,30
4/28/2025,500ML VANILLA,95,59
4/28/2025,100ML STRAWBERRY,197,13
4/28/2025,250ML STRAWBERRY,131,30
4/28/2025,500ML STRAWBERRY,92,59
4/28/2025,5L STRAWBERRY,14,450
4/29/2025,100ML VANILLA,213,13
4/29/2025,250ML VANILLA,149,30
4/29/2025,500ML VANILLA,119,59
4/29/2025,100ML STRAWBERRY,197,13
4/29/2025,250ML STRAWBERRY,138,30
4/29/2025,500ML STRAWBERRY,84,59
4/29/2025,5L STRAWBERRY,12,450
4/30/2025,100ML VANILLA,165,13
4/30/2025,250ML VANILLA,118,30
4/30/2025,500ML VANILLA,81,59
4/30/2025,100ML STRAWBERRY,117,13
4/30/2025,250ML STRAWBERRY,80,30
4/30/2025,500ML STRAWBERRY,73,59
4/30/2025,5L STRAWBERRY,10,450
5/1/2025,100ML VANILLA,164,13
5/1/2025,250ML VANILLA,122,30
5/1/2025,500ML VANILLA,90,59
5/1/2025,100ML STRAWBERRY,112,13
5/1/2025,250ML STRAWBERRY,85,30
5/1/2025,500ML STRAWBERRY,65,59
5/1/2025,5L STRAWBERRY,10,450
5/2/2025,100ML VANILLA,153,13
5/2/2025,250ML VANILLA,127,30
5/2/2025,500ML VANILLA,91,59
5/2/2025,100ML STRAWBERRY,153,13
5/2/2025,250ML STRAWBERRY,79,30
5/2/2025,500ML STRAWBERRY,77,59
5/2/2025,5L STRAWBERRY,10,450
5/3/2025,100ML VANILLA,156,13
5/3/2025,250ML VANILLA,99,30
5/3/2025,500ML VANILLA,88,59
5/3/2025,100ML STRAWBERRY,146,13
5/3/2025,250ML STRAWBERRY,87,30
5/3/2025,500ML STRAWBERRY,65,59
5/3/2025,5L STRAWBERRY,10,450
5/4/2025,100ML VANILLA,163,13
5/4/2025,150ML VANILLA,112,20.7
5/4/2025,250ML VANILLA,112,30
5/4/2025,500ML VANILLA,76,59
5/4/2025,100ML STRAWBERRY,145,13
5/4/2025,150ML STRAWBERRY,107,20.7
5/4/2025,250ML STRAWBERRY,107,30
5/4/2025,500ML STRAWBERRY,58,59
5/4/2025,5L STRAWBERRY,9,450
5/5/2025,100ML VANILLA,218,13
5/5/2025,250ML VANILLA,172,30
5/5/2025,500ML VANILLA,114,59
5/5/2025,100ML STRAWBERRY,177,13
5/5/2025,250ML STRAWBERRY,131,30
5/5/2025,500ML STRAWBERRY,83,59
5/5/2025,5L STRAWBERRY,15,450
5/6/2025,100ML VANILLA,206,13
5/6/2025,250ML VANILLA,160,30
5/6/2025,500ML VANILLA,119,59
5/6/2025,100ML STRAWBERRY,182,13
5/6/2025,250ML STRAWBERRY,129,30
5/6/2025,500ML STRAWBERRY,104,59
5/6/2025,5L STRAWBERRY,15,450
5/7/2025,100ML VANILLA,160,13
5/7/2025,250ML VANILLA,102,30
5/7/2025,500ML VANILLA,89,59
5/7/2025,100ML STRAWBERRY,146,13
5/7/2025,250ML STRAWBERRY,80,30
5/7/2025,500ML STRAWBERRY,60,59
5/7/2025,5L STRAWBERRY,11,450
5/8/2025,100ML VANILLA,142,13
5/8/2025,250ML VANILLA,124,30
5/8/2025,500ML VANILLA,70,59
5/8/2025,100ML STRAWBERRY,146,13
5/8/2025,250ML STRAWBERRY,95,30
5/8/2025,500ML STRAWBERRY,72,59
5/8/2025,5L STRAWBERRY,12,450
5/9/2025,100ML VANILLA,146,13
5/9/2025,250ML VANILLA,127,30
5/9/2025,500ML VANILLA,86,59
5/9/2025,100ML STRAWBERRY,118,13
5/9/2025,250ML STRAWBERRY,82,30
5/9/2025,500ML STRAWBERRY,76,59
5/9/2025,5L STRAWBERRY,11,450
5/10/2025,100ML VANILLA,143,13
5/10/2025,250ML VANILLA,125,30
5/10/2025,500ML VANILLA,72,59
5/10/2025,100ML STRAWBERRY,144,13
5/10/2025,250ML STRAWBERRY,82,30
5/10/2025,500ML STRAWBERRY,68,59
5/10/2025,5L STRAWBERRY,10,450
5/11/2025,100ML VANILLA,150,13
5/11/2025,250ML VANILLA,112,30
5/11/2025,500ML VANILLA,89,59
5/11/2025,100ML STRAWBERRY,116,13
5/11/2025,250ML STRAWBERRY,104,30
5/11/2025,500ML STRAWBERRY,65,59
5/11/2025,5L STRAWBERRY,12,450
5/12/2025,100ML VANILLA,215,13
5/12/2025,250ML VANILLA,141,30
5/12/2025,500ML VANILLA,104,59
5/12/2025,100ML STRAWBERRY,191,13
5/12/2025,250ML STRAWBERRY,115,30
5/12/2025,500ML STRAWBERRY,85,59
5/12/2025,5L STRAWBERRY,16,450
5/13/2025,100ML VANILLA,210,13
5/13/2025,250ML VANILLA,150,30
5/13/2025,500ML VANILLA,117,59
5/13/2025,100ML STRAWBERRY,205,13
5/13/2025,250ML STRAWBERRY,130,30
5/13/2025,500ML STRAWBERRY,93,59
5/13/2025,5L STRAWBERRY,16,450
5/14/2025,100ML VANILLA,184,13
5/14/2025,250ML VANILLA,126,30
5/14/2025,500ML VANILLA,76,59
5/14/2025,100ML STRAWBERRY,119,13
5/14/2025,250ML STRAWBERRY,90,30
5/14/2025,500ML STRAWBERRY,72,59
5/14/2025,5L STRAWBERRY,11,450
5/15/2025,100ML VANILLA,154,13
5/15/2025,250ML VANILLA,104,30
5/15/2025,500ML VANILLA,84,59
5/15/2025,100ML STRAWBERRY,112,13
5/15/2025,250ML STRAWBERRY,84,30
5/15/2025,500ML STRAWBERRY,62,59
5/15/2025,5L STRAWBERRY,9,450
5/16/2025,100ML VANILLA,138,13
5/16/2025,250ML VANILLA,118,30
5/16/2025,500ML VANILLA,91,59
5/16/2025,100ML STRAWBERRY,140,13
5/16/2025,250ML STRAWBERRY,102,30
5/16/2025,500ML STRAWBERRY,69,59
5/16/2025,5L STRAWBERRY,11,450
5/17/2025,100ML VANILLA,180,13
5/17/2025,250ML VANILLA,107,30
5/17/2025,500ML VANILLA,91,59
5/17/2025,100ML STRAWBERRY,150,13
5/17/2025,250ML STRAWBERRY,90,30
5/17/2025,500ML STRAWBERRY,73,59
5/17/2025,5L STRAWBERRY,9,450
5/18/2025,100ML VANILLA,175,13
5/18/2025,250ML VANILLA,106,30
5/18/2025,500ML VANILLA,91,59
5/18/2025,100ML STRAWBERRY,133,13
5/18/2025,250ML STRAWBERRY,106,30
5/18/2025,500ML STRAWBERRY,61,59
5/18/2025,5L STRAWBERRY,10,450
5/19/2025,100ML VANILLA,201,13
5/19/2025,250ML VANILLA,172,30
5/19/2025,500ML VANILLA,94,59
5/19/2025,100ML STRAWBERRY,184,13
5/19/2025,250ML STRAWBERRY,122,30
5/19/2025,500ML STRAWBERRY,82,59
5/19/2025,5L STRAWBERRY,16,450
5/20/2025,100ML VANILLA,203,13
5/20/2025,250ML VANILLA,173,30
5/20/2025,500ML VANILLA,106,59
5/20/2025,100ML STRAWBERRY,182,13
5/20/2025,250ML STRAWBERRY,139,30
5/20/2025,500ML STRAWBERRY,99,59
5/20/2025,5L STRAWBERRY,12,450
5/21/2025,100ML VANILLA,177,13
5/21/2025,250ML VANILLA,113,30
5/21/2025,500ML VANILLA,77,59
5/21/2025,100ML STRAWBERRY,131,13
5/21/2025,250ML STRAWBERRY,104,30
5/21/2025,500ML STRAWBERRY,66,59
5/21/2025,5L STRAWBERRY,10,450
5/22/2025,100ML VANILLA,174,13
5/22/2025,250ML VANILLA,100,30
5/22/2025,500ML VANILLA,77,59
5/22/2025,100ML STRAWBERRY,139,13
5/22/2025,250ML STRAWBERRY,98,30
5/22/2025,500ML STRAWBERRY,59,59
5/22/2025,5L STRAWBERRY,11,450
5/23/2025,100ML VANILLA,147,13
5/23/2025,250ML VANILLA,118,30
5/23/2025,500ML VANILLA,71,59
5/23/2025,100ML STRAWBERRY,128,13
5/23/2025,250ML STRAWBERRY,104,30
5/23/2025,500ML STRAWBERRY,75,59
5/23/2025,5L STRAWBERRY,9,450
5/24/2025,100ML VANILLA,108,13
5/24/2025,250ML VANILLA,99,30
5/24/2025,500ML VANILLA,63,59
5/24/2025,100ML STRAWBERRY,116,13
5/24/2025,250ML STRAWBERRY,74,30
5/24/2025,500ML STRAWBERRY,45,59
5/24/2025,5L STRAWBERRY,9,450
5/25/2025,100ML VANILLA,140,13
5/25/2025,250ML VANILLA,94,30
5/25/2025,500ML VANILLA,56,59
5/25/2025,100ML STRAWBERRY,100,13
5/25/2025,250ML STRAWBERRY,73,30
5/25/2025,500ML STRAWBERRY,54,59
5/25/2025,5L STRAWBERRY,8,450
5/26/2025,100ML VANILLA,186,13
5/26/2025,250ML VANILLA,134,30
5/26/2025,500ML VANILLA,91,59
5/26/2025,100ML STRAWBERRY,151,13
5/26/2025,250ML STRAWBERRY,115,30
5/26/2025,500ML STRAWBERRY,63,59
5/26/2025,5L STRAWBERRY,12,450
5/27/2025,100ML VANILLA,178,13
5/27/2025,250ML VANILLA,107,30
5/27/2025,500ML VANILLA,84,59
5/27/2025,100ML STRAWBERRY,147,13
5/27/2025,250ML STRAWBERRY,110,30
5/27/2025,500ML STRAWBERRY,62,59
5/27/2025,5L STRAWBERRY,12,450
5/28/2025,100ML VANILLA,111,13
5/28/2025,250ML VANILLA,77,30
5/28/2025,500ML VANILLA,57,59
5/28/2025,100ML STRAWBERRY,119,13
5/28/2025,250ML STRAWBERRY,81,30
5/28/2025,500ML STRAWBERRY,56,59
5/28/2025,5L STRAWBERRY,9,450
5/29/2025,100ML VANILLA,121,13
5/29/2025,250ML VANILLA,91,30
5/29/2025,500ML VANILLA,59,59
5/29/2025,100ML STRAWBERRY,121,13
5/29/2025,250ML STRAWBERRY,81,30
5/29/2025,500ML STRAWBERRY,45,59
5/29/2025,5L STRAWBERRY,8,450
5/30/2025,100ML VANILLA,113,13
5/30/2025,250ML VANILLA,98,30
5/30/2025,500ML VANILLA,58,59
5/30/2025,100ML STRAWBERRY,111,13
5/30/2025,250ML STRAWBERRY,67,30
5/30/2025,500ML STRAWBERRY,55,59
5/30/2025,5L STRAWBERRY,8,450
5/31/2025,100ML VANILLA,130,13
5/31/2025,250ML VANILLA,94,30
5/31/2025,500ML VANILLA,63,59
5/31/2025,100ML STRAWBERRY,115,13
5/31/2025,250ML STRAWBERRY,65,30
5/31/2025,500ML STRAWBERRY,59,59
5/31/2025,5L STRAWBERRY,9,450
6/1/2025,100ML VANILLA,111,13
6/1/2025,250ML VANILLA,97,30
6/1/2025,500ML VANILLA,60,59
6/1/2025,100ML STRAWBERRY,112,13
6/1/2025,250ML STRAWBERRY,81,30
6/1/2025,500ML STRAWBERRY,47,59
6/1/2025,5L STRAWBERRY,9,450
6/2/2025,100ML VANILLA,160,13
6/2/2025,250ML VANILLA,119,30
6/2/2025,500ML VANILLA,75,59
6/2/2025,100ML STRAWBERRY,143,13
6/2/2025,250ML STRAWBERRY,90,30
6/2/2025,500ML STRAWBERRY,72,59
6/2/2025,5L STRAWBERRY,10,450
6/3/2025,100ML VANILLA,178,13
6/3/2025,250ML VANILLA,108,30
6/3/2025,500ML VANILLA,84,59
6/3/2025,100ML STRAWBERRY,135,13
6/3/2025,250ML STRAWBERRY,103,30
6/3/2025,500ML STRAWBERRY,75,59
6/3/2025,5L STRAWBERRY,10,450
6/4/2025,100ML VANILLA,138,13
6/4/2025,250ML VANILLA,101,30
6/4/2025,500ML VANILLA,74,59
6/4/2025,100ML STRAWBERRY,117,13
6/4/2025,250ML STRAWBERRY,79,30
6/4/2025,500ML STRAWBERRY,50,59
6/4/2025,5L STRAWBERRY,9,450
6/5/2025,100ML VANILLA,129,13
6/5/2025,250ML VANILLA,90,30
6/5/2025,500ML VANILLA,71,59
6/5/2025,100ML STRAWBERRY,105,13
6/5/2025,250ML STRAWBERRY,65,30
6/5/2025,500ML STRAWBERRY,53,59
6/5/2025,5L STRAWBERRY,9,450
6/6/2025,100ML VANILLA,119,13
6/6/2025,250ML VANILLA,78,30
6/6/2025,500ML VANILLA,71,59
6/6/2025,100ML STRAWBERRY,101,13
6/6/2025,250ML STRAWBERRY,66,30
6/6/2025,500ML STRAWBERRY,50,59
6/6/2025,5L STRAWBERRY,9,450
6/7/2025,100ML VANILLA,111,13
6/7/2025,250ML VANILLA,96,30
6/7/2025,500ML VANILLA,62,59
6/7/2025,100ML STRAWBERRY,104,13
6/7/2025,250ML STRAWBERRY,76,30
6/7/2025,500ML STRAWBERRY,46,59
6/7/2025,5L STRAWBERRY,8,450
6/8/2025,100ML VANILLA,125,13
6/8/2025,250ML VANILLA,103,30
6/8/2025,500ML VANILLA,69,59
6/8/2025,100ML STRAWBERRY,92,13
6/8/2025,250ML STRAWBERRY,78,30
6/8/2025,500ML STRAWBERRY,60,59
6/8/2025,5L STRAWBERRY,9,450
6/9/2025,100ML VANILLA,167,13
6/9/2025,250ML VANILLA,116,30
6/9/2025,500ML VANILLA,86,59
6/9/2025,100ML STRAWBERRY,152,13
6/9/2025,250ML STRAWBERRY,114,30
6/9/2025,500ML STRAWBERRY,65,59
6/9/2025,5L STRAWBERRY,13,450
6/10/2025,100ML VANILLA,195,13
6/10/2025,250ML VANILLA,130,30
6/10/2025,500ML VANILLA,83,59
6/10/2025,100ML STRAWBERRY,151,13
6/10/2025,250ML STRAWBERRY,89,30
6/10/2025,500ML STRAWBERRY,72,59
6/10/2025,5L STRAWBERRY,10,450
6/11/2025,100ML VANILLA,136,13
6/11/2025,250ML VANILLA,86,30
6/11/2025,500ML VANILLA,68,59
6/11/2025,100ML STRAWBERRY,113,13
6/11/2025,250ML STRAWBERRY,64,30
6/11/2025,500ML STRAWBERRY,51,59
6/11/2025,5L STRAWBERRY,10,450
6/12/2025,100ML VANILLA,143,13
6/12/2025,250ML VANILLA,85,30
6/12/2025,500ML VANILLA,63,59
6/12/2025,100ML STRAWBERRY,108,13
6/12/2025,250ML STRAWBERRY,68,30
6/12/2025,500ML STRAWBERRY,53,59
6/12/2025,5L STRAWBERRY,8,450
6/13/2025,100ML VANILLA,134,13
6/13/2025,250ML VANILLA,78,30
6/13/2025,500ML VANILLA,57,59
6/13/2025,100ML STRAWBERRY,112,13
6/13/2025,250ML STRAWBERRY,72,30
6/13/2025,500ML STRAWBERRY,51,59
6/13/2025,5L STRAWBERRY,9,450
6/14/2025,100ML VANILLA,126,13
6/14/2025,250ML VANILLA,80,30
6/14/2025,500ML VANILLA,58,59
6/14/2025,100ML STRAWBERRY,103,13
6/14/2025,250ML STRAWBERRY,79,30
6/14/2025,500ML STRAWBERRY,52,59
6/14/2025,5L STRAWBERRY,8,450
6/15/2025,100ML VANILLA,136,13
6/15/2025,250ML VANILLA,102,30
6/15/2025,500ML VANILLA,68,59
6/15/2025,100ML STRAWBERRY,96,13
6/15/2025,250ML STRAWBERRY,65,30
6/15/2025,500ML STRAWBERRY,47,59
6/15/2025,5L STRAWBERRY,8,450
6/16/2025,100ML VANILLA,150,13
6/16/2025,250ML VANILLA,118,30
6/16/2025,500ML VANILLA,86,59
6/16/2025,100ML STRAWBERRY,133,13
6/16/2025,250ML STRAWBERRY,99,30
6/16/2025,500ML STRAWBERRY,65,59
6/16/2025,5L STRAWBERRY,11,450
6/17/2025,100ML VANILLA,180,13
6/17/2025,250ML VANILLA,117,30
6/17/2025,500ML VANILLA,86,59
6/17/2025,100ML STRAWBERRY,158,13
6/17/2025,250ML STRAWBERRY,102,30
6/17/2025,500ML STRAWBERRY,72,59
6/17/2025,5L STRAWBERRY,11,450
6/18/2025,100ML VANILLA,134,13
6/18/2025,250ML VANILLA,82,30
6/18/2025,500ML VANILLA,61,59
6/18/2025,100ML STRAWBERRY,118,13
6/18/2025,250ML STRAWBERRY,64,30
6/18/2025,500ML STRAWBERRY,56,59
6/18/2025,5L STRAWBERRY,8,450
6/19/2025,100ML VANILLA,116,13
6/19/2025,250ML VANILLA,93,30
6/19/2025,500ML VANILLA,66,59
6/19/2025,100ML STRAWBERRY,106,13
6/19/2025,250ML STRAWBERRY,71,30
6/19/2025,500ML STRAWBERRY,59,59
6/19/2025,5L STRAWBERRY,8,450
6/20/2025,100ML VANILLA,142,13
6/20/2025,250ML VANILLA,87,30
6/20/2025,500ML VANILLA,59,59
6/20/2025,100ML STRAWBERRY,116,13
6/20/2025,250ML STRAWBERRY,80,30
6/20/2025,500ML STRAWBERRY,61,59
6/20/2025,5L STRAWBERRY,8,450
6/21/2025,100ML VANILLA,147,13
6/21/2025,250ML VANILLA,100,30
6/21/2025,500ML VANILLA,64,59
6/21/2025,100ML STRAWBERRY,99,13
6/21/2025,250ML STRAWBERRY,80,30
6/21/2025,500ML STRAWBERRY,45,59
6/21/2025,5L STRAWBERRY,9,450
6/22/2025,100ML VANILLA,122,13
6/22/2025,250ML VANILLA,89,30
6/22/2025,500ML VANILLA,68,59
6/22/2025,100ML STRAWBERRY,95,13
6/22/2025,250ML STRAWBERRY,73,30
6/22/2025,500ML STRAWBERRY,46,59
6/22/2025,5L STRAWBERRY,9,450
6/23/2025,100ML VANILLA,178,13
6/23/2025,250ML VANILLA,102,30
6/23/2025,500ML VANILLA,78,59
6/23/2025,100ML STRAWBERRY,160,13
6/23/2025,250ML STRAWBERRY,104,30
6/23/2025,500ML STRAWBERRY,71,59
6/23/2025,5L STRAWBERRY,12,450
6/24/2025,100ML VANILLA,154,13
6/24/2025,250ML VANILLA,137,30
6/24/2025,500ML VANILLA,94,59
6/24/2025,100ML STRAWBERRY,145,13
6/24/2025,250ML STRAWBERRY,106,30
6/24/2025,500ML STRAWBERRY,75,59
6/24/2025,5L STRAWBERRY,12,450
6/25/2025,100ML VANILLA,140,13
6/25/2025,250ML VANILLA,80,30
6/25/2025,500ML VANILLA,70,59
6/25/2025,100ML STRAWBERRY,96,13
6/25/2025,250ML STRAWBERRY,71,30
6/25/2025,500ML STRAWBERRY,51,59
6/25/2025,5L STRAWBERRY,8,450
6/26/2025,100ML VANILLA,128,13
6/26/2025,250ML VANILLA,81,30
6/26/2025,500ML VANILLA,69,59
6/26/2025,100ML STRAWBERRY,117,13
6/26/2025,250ML STRAWBERRY,79,30
6/26/2025,500ML STRAWBERRY,56,59
6/26/2025,5L STRAWBERRY,8,450
6/27/2025,100ML VANILLA,136,13
6/27/2025,250ML VANILLA,92,30
6/27/2025,500ML VANILLA,64,59
6/27/2025,100ML STRAWBERRY,118,13
6/27/2025,250ML STRAWBERRY,67,30
6/27/2025,500ML STRAWBERRY,48,59
6/27/2025,5L STRAWBERRY,9,450
6/28/2025,100ML VANILLA,131,13
6/28/2025,250ML VANILLA,92,30
6/28/2025,500ML VANILLA,58,59
6/28/2025,100ML STRAWBERRY,93,13
6/28/2025,250ML STRAWBERRY,85,30
6/28/2025,500ML STRAWBERRY,51,59
6/28/2025,5L STRAWBERRY,9,450
6/29/2025,100ML VANILLA,132,13
6/29/2025,250ML VANILLA,87,30
6/29/2025,500ML VANILLA,55,59
6/29/2025,100ML STRAWBERRY,97,13
6/29/2025,250ML STRAWBERRY,67,30
6/29/2025,500ML STRAWBERRY,47,59
6/29/2025,5L STRAWBERRY,8,450
6/30/2025,100ML VANILLA,184,13
6/30/2025,250ML VANILLA,132,30
6/30/2025,500ML VANILLA,74,59
6/30/2025,100ML STRAWBERRY,158,13
6/30/2025,250ML STRAWBERRY,86,30
6/30/2025,500ML STRAWBERRY,65,59
6/30/2025,5L STRAWBERRY,12,450
7/1/2025,100ML VANILLA,184,13
7/1/2025,250ML VANILLA,110,30
7/1/2025,500ML VANILLA,79,59
7/1/2025,100ML STRAWBERRY,125,13
7/1/2025,250ML STRAWBERRY,111,30
7/1/2025,500ML STRAWBERRY,68,59
7/1/2025,5L STRAWBERRY,12,450
7/2/2025,100ML VANILLA,120,13
7/2/2025,250ML VANILLA,81,30
7/2/2025,500ML VANILLA,55,59
7/2/2025,100ML STRAWBERRY,98,13
7/2/2025,250ML STRAWBERRY,84,30
7/2/2025,500ML STRAWBERRY,60,59
7/2/2025,5L STRAWBERRY,8,450
7/3/2025,100ML VANILLA,137,13
7/3/2025,250ML VANILLA,94,30
7/3/2025,500ML VANILLA,72,59
7/3/2025,100ML STRAWBERRY,103,13
7/3/2025,250ML STRAWBERRY,68,30
7/3/2025,500ML STRAWBERRY,46,59
7/3/2025,5L STRAWBERRY,7,450
7/4/2025,100ML VANILLA,114,13
7/4/2025,250ML VANILLA,97,30
7/4/2025,500ML VANILLA,56,59
7/4/2025,100ML STRAWBERRY,95,13
7/4/2025,250ML STRAWBERRY,77,30
7/4/2025,500ML STRAWBERRY,61,59
7/4/2025,5L STRAWBERRY,9,450
7/5/2025,100ML VANILLA,141,13
7/5/2025,250ML VANILLA,79,30
7/5/2025,500ML VANILLA,64,59
7/5/2025,100ML STRAWBERRY,94,13
7/5/2025,250ML STRAWBERRY,73,30
7/5/2025,500ML STRAWBERRY,53,59
7/5/2025,5L STRAWBERRY,7,450
7/6/2025,100ML VANILLA,126,13
7/6/2025,250ML VANILLA,78,30
7/6/2025,500ML VANILLA,72,59
7/6/2025,100ML STRAWBERRY,122,13
7/6/2025,250ML STRAWBERRY,75,30
7/6/2025,500ML STRAWBERRY,47,59
7/6/2025,5L STRAWBERRY,9,450
7/7/2025,100ML VANILLA,186,13
7/7/2025,250ML VANILLA,114,30
7/7/2025,500ML VANILLA,91,59
7/7/2025,100ML STRAWBERRY,145,13
7/7/2025,250ML STRAWBERRY,99,30
7/7/2025,500ML STRAWBERRY,67,59
7/7/2025,5L STRAWBERRY,10,450
7/8/2025,100ML VANILLA,175,13
7/8/2025,250ML VANILLA,108,30
7/8/2025,500ML VANILLA,73,59
7/8/2025,100ML STRAWBERRY,148,13
7/8/2025,250ML STRAWBERRY,98,30
7/8/2025,500ML STRAWBERRY,66,59
7/8/2025,5L STRAWBERRY,10,450
7/9/2025,100ML VANILLA,137,13
7/9/2025,250ML VANILLA,98,30
7/9/2025,500ML VANILLA,68,59
7/9/2025,100ML STRAWBERRY,100,13
7/9/2025,250ML STRAWBERRY,84,30
7/9/2025,500ML STRAWBERRY,59,59
7/9/2025,5L STRAWBERRY,8,450
7/10/2025,100ML VANILLA,125,13
7/10/2025,250ML VANILLA,89,30
7/10/2025,500ML VANILLA,56,59
7/10/2025,100ML STRAWBERRY,119,13
7/10/2025,250ML STRAWBERRY,80,30
7/10/2025,500ML STRAWBERRY,48,59
7/10/2025,5L STRAWBERRY,8,450
7/11/2025,100ML VANILLA,136,13
7/11/2025,250ML VANILLA,97,30
7/11/2025,500ML VANILLA,63,59
7/11/2025,100ML STRAWBERRY,108,13
7/11/2025,250ML STRAWBERRY,73,30
7/11/2025,500ML STRAWBERRY,56,59
7/11/2025,5L STRAWBERRY,10,450
7/12/2025,100ML VANILLA,108,13
7/12/2025,250ML VANILLA,101,30
7/12/2025,500ML VANILLA,67,59
7/12/2025,100ML STRAWBERRY,120,13
7/12/2025,250ML STRAWBERRY,67,30
7/12/2025,500ML STRAWBERRY,52,59
7/12/2025,5L STRAWBERRY,9,450
7/13/2025,100ML VANILLA,135,13
7/13/2025,250ML VANILLA,100,30
7/13/2025,500ML VANILLA,61,59
7/13/2025,100ML STRAWBERRY,93,13
7/13/2025,250ML STRAWBERRY,73,30
7/13/2025,500ML STRAWBERRY,54,59
7/13/2025,5L STRAWBERRY,8,450
7/14/2025,100ML VANILLA,173,13
7/14/2025,250ML VANILLA,120,30
7/14/2025,500ML VANILLA,88,59
7/14/2025,100ML STRAWBERRY,129,13
7/14/2025,250ML STRAWBERRY,98,30
7/14/2025,500ML STRAWBERRY,78,59
7/14/2025,5L STRAWBERRY,12,450
7/15/2025,100ML VANILLA,172,13
7/15/2025,250ML VANILLA,135,30
7/15/2025,500ML VANILLA,96,59
7/15/2025,100ML STRAWBERRY,132,13
7/15/2025,250ML STRAWBERRY,117,30
7/15/2025,500ML STRAWBERRY,67,59
7/15/2025,5L STRAWBERRY,10,450
7/16/2025,100ML VANILLA,114,13
7/16/2025,250ML VANILLA,79,30
7/16/2025,500ML VANILLA,64,59
7/16/2025,100ML STRAWBERRY,117,13
7/16/2025,250ML STRAWBERRY,70,30
7/16/2025,500ML STRAWBERRY,53,59
7/16/2025,5L STRAWBERRY,8,450
7/17/2025,100ML VANILLA,135,13
7/17/2025,250ML VANILLA,97,30
7/17/2025,500ML VANILLA,56,59
7/17/2025,100ML STRAWBERRY,120,13
7/17/2025,250ML STRAWBERRY,67,30
7/17/2025,500ML STRAWBERRY,58,59
7/17/2025,5L STRAWBERRY,10,450
7/18/2025,100ML VANILLA,133,13
7/18/2025,250ML VANILLA,90,30
7/18/2025,500ML VANILLA,67,59
7/18/2025,100ML STRAWBERRY,102,13
7/18/2025,250ML STRAWBERRY,68,30
7/18/2025,500ML STRAWBERRY,51,59
7/18/2025,5L STRAWBERRY,8,450
7/19/2025,100ML VANILLA,112,13
7/19/2025,250ML VANILLA,88,30
7/19/2025,500ML VANILLA,67,59
7/19/2025,100ML STRAWBERRY,111,13
7/19/2025,250ML STRAWBERRY,66,30
7/19/2025,500ML STRAWBERRY,49,59
7/19/2025,5L STRAWBERRY,9,450
7/20/2025,100ML VANILLA,127,13
7/20/2025,250ML VANILLA,78,30
7/20/2025,500ML VANILLA,58,59
7/20/2025,100ML STRAWBERRY,117,13
7/20/2025,250ML STRAWBERRY,67,30
7/20/2025,500ML STRAWBERRY,61,59
7/20/2025,5L STRAWBERRY,7,450
7/21/2025,100ML VANILLA,154,13
7/21/2025,250ML VANILLA,134,30
7/21/2025,500ML VANILLA,85,59
7/21/2025,100ML STRAWBERRY,149,13
7/21/2025,250ML STRAWBERRY,115,30
7/21/2025,500ML STRAWBERRY,64,59
7/21/2025,5L STRAWBERRY,12,450
7/22/2025,100ML VANILLA,173,13
7/22/2025,250ML VANILLA,136,30
7/22/2025,500ML VANILLA,79,59
7/22/2025,100ML STRAWBERRY,132,13
7/22/2025,250ML STRAWBERRY,111,30
7/22/2025,500ML STRAWBERRY,75,59
7/22/2025,5L STRAWBERRY,12,450
7/23/2025,100ML VANILLA,150,13
7/23/2025,250ML VANILLA,97,30
7/23/2025,500ML VANILLA,77,59
7/23/2025,100ML STRAWBERRY,135,13
7/23/2025,250ML STRAWBERRY,85,30
7/23/2025,500ML STRAWBERRY,62,59
7/23/2025,5L STRAWBERRY,11,450
7/24/2025,100ML VANILLA,169,13
7/24/2025,250ML VANILLA,106,30
7/24/2025,500ML VANILLA,83,59
7/24/2025,100ML STRAWBERRY,149,13
7/24/2025,250ML STRAWBERRY,101,30
7/24/2025,500ML STRAWBERRY,74,59
7/24/2025,5L STRAWBERRY,11,450
7/25/2025,100ML VANILLA,159,13
7/25/2025,250ML VANILLA,126,30
7/25/2025,500ML VANILLA,84,59
7/25/2025,100ML STRAWBERRY,142,13
7/25/2025,250ML STRAWBERRY,86,30
7/25/2025,500ML STRAWBERRY,61,59
7/25/2025,5L STRAWBERRY,9,450
7/26/2025,100ML VANILLA,170,13
7/26/2025,250ML VANILLA,99,30
7/26/2025,500ML VANILLA,88,59
7/26/2025,100ML STRAWBERRY,144,13
7/26/2025,250ML STRAWBERRY,86,30
7/26/2025,500ML STRAWBERRY,71,59
7/26/2025,5L STRAWBERRY,12,450
7/27/2025,100ML VANILLA,150,13
7/27/2025,250ML VANILLA,116,30
7/27/2025,500ML VANILLA,85,59
7/27/2025,100ML STRAWBERRY,139,13
7/27/2025,250ML STRAWBERRY,88,30
7/27/2025,500ML STRAWBERRY,71,59
7/27/2025,5L STRAWBERRY,10,450
7/28/2025,100ML VANILLA,185,13
7/28/2025,250ML VANILLA,154,30
7/28/2025,500ML VANILLA,95,59
7/28/2025,100ML STRAWBERRY,183,13
7/28/2025,250ML STRAWBERRY,107,30
7/28/2025,500ML STRAWBERRY,86,59
7/28/2025,5L STRAWBERRY,15,450
7/29/2025,100ML VANILLA,233,13
7/29/2025,250ML VANILLA,163,30
7/29/2025,500ML VANILLA,105,59
7/29/2025,100ML STRAWBERRY,164,13
7/29/2025,250ML STRAWBERRY,134,30
7/29/2025,500ML STRAWBERRY,81,59
7/29/2025,5L STRAWBERRY,13,450
7/30/2025,100ML VANILLA,174,13
7/30/2025,250ML VANILLA,99,30
7/30/2025,500ML VANILLA,88,59
7/30/2025,100ML STRAWBERRY,132,13
7/30/2025,250ML STRAWBERRY,103,30
7/30/2025,500ML STRAWBERRY,68,59
7/30/2025,5L STRAWBERRY,10,450
7/31/2025,100ML VANILLA,142,13
7/31/2025,250ML VANILLA,104,30
7/31/2025,500ML VANILLA,70,59
7/31/2025,100ML STRAWBERRY,125,13
7/31/2025,250ML STRAWBERRY,90,30
7/31/2025,500ML STRAWBERRY,58,59
7/31/2025,5L STRAWBERRY,9,450
8/1/2025,100ML VANILLA,169,13
8/1/2025,250ML VANILLA,109,30
8/1/2025,500ML VANILLA,87,59
8/1/2025,100ML STRAWBERRY,149,13
8/1/2025,250ML STRAWBERRY,97,30
8/1/2025,500ML STRAWBERRY,63,59
8/1/2025,5L STRAWBERRY,10,450
8/2/2025,100ML VANILLA,159,13
8/2/2025,250ML VANILLA,107,30
8/2/2025,500ML VANILLA,75,59
8/2/2025,100ML STRAWBERRY,117,13
8/2/2025,250ML STRAWBERRY,97,30
8/2/2025,500ML STRAWBERRY,69,59
8/2/2025,5L STRAWBERRY,11,450
8/3/2025,100ML VANILLA,134,13
8/3/2025,250ML VANILLA,105,30
8/3/2025,500ML VANILLA,85,59
8/3/2025,100ML STRAWBERRY,143,13
8/3/2025,250ML STRAWBERRY,94,30
8/3/2025,500ML STRAWBERRY,56,59
8/3/2025,5L STRAWBERRY,11,450
8/4/2025,100ML VANILLA,206,13
8/4/2025,250ML VANILLA,171,30
8/4/2025,500ML VANILLA,108,59
8/4/2025,100ML STRAWBERRY,172,13
8/4/2025,250ML STRAWBERRY,135,30
8/4/2025,500ML STRAWBERRY,84,59
8/4/2025,5L STRAWBERRY,12,450
8/5/2025,100ML VANILLA,180,13
8/5/2025,250ML VANILLA,164,30
8/5/2025,500ML VANILLA,111,59
8/5/2025,100ML STRAWBERRY,162,13
8/5/2025,250ML STRAWBERRY,127,30
8/5/2025,500ML STRAWBERRY,82,59
8/5/2025,5L STRAWBERRY,16,450
8/6/2025,100ML VANILLA,178,13
8/6/2025,250ML VANILLA,98,30
8/6/2025,500ML VANILLA,81,59
8/6/2025,100ML STRAWBERRY,112,13
8/6/2025,250ML STRAWBERRY,82,30
8/6/2025,500ML STRAWBERRY,61,59
8/6/2025,5L STRAWBERRY,10,450
8/7/2025,100ML VANILLA,172,13
8/7/2025,250ML VANILLA,106,30
8/7/2025,500ML VANILLA,79,59
8/7/2025,100ML STRAWBERRY,142,13
8/7/2025,250ML STRAWBERRY,79,30
8/7/2025,500ML STRAWBERRY,72,59
8/7/2025,5L STRAWBERRY,10,450
8/8/2025,100ML VANILLA,143,13
8/8/2025,250ML VANILLA,115,30
8/8/2025,500ML VANILLA,90,59
8/8/2025,100ML STRAWBERRY,134,13
8/8/2025,250ML STRAWBERRY,80,30
8/8/2025,500ML STRAWBERRY,67,59
8/8/2025,5L STRAWBERRY,9,450
8/9/2025,100ML VANILLA,166,13
8/9/2025,250ML VANILLA,111,30
8/9/2025,500ML VANILLA,85,59
8/9/2025,100ML STRAWBERRY,113,13
8/9/2025,250ML STRAWBERRY,96,30
8/9/2025,500ML STRAWBERRY,74,59
8/9/2025,5L STRAWBERRY,9,450
8/10/2025,100ML VANILLA,160,13
8/10/2025,250ML VANILLA,105,30
8/10/2025,500ML VANILLA,81,59
8/10/2025,100ML STRAWBERRY,132,13
8/10/2025,250ML STRAWBERRY,80,30
8/10/2025,500ML STRAWBERRY,60,59
8/10/2025,5L STRAWBERRY,9,450
8/11/2025,100ML VANILLA,206,13
8/11/2025,250ML VANILLA,132,30
8/11/2025,500ML VANILLA,115,59
8/11/2025,100ML STRAWBERRY,192,13
8/11/2025,250ML STRAWBERRY,133,30
8/11/2025,500ML STRAWBERRY,95,59
8/11/2025,5L STRAWBERRY,13,450
8/12/2025,100ML VANILLA,206,13
8/12/2025,250ML VANILLA,142,30
8/12/2025,500ML VANILLA,95,59
8/12/2025,100ML STRAWBERRY,195,13
8/12/2025,250ML STRAWBERRY,121,30
8/12/2025,500ML STRAWBERRY,88,59
8/12/2025,5L STRAWBERRY,14,450
8/13/2025,100ML VANILLA,172,13
8/13/2025,250ML VANILLA,110,30
8/13/2025,500ML VANILLA,68,59
8/13/2025,100ML STRAWBERRY,129,13
8/13/2025,250ML STRAWBERRY,95,30
8/13/2025,500ML STRAWBERRY,66,59
8/13/2025,5L STRAWBERRY,11,450
8/14/2025,100ML VANILLA,151,13
8/14/2025,250ML VANILLA,109,30
8/14/2025,500ML VANILLA,68,59
8/14/2025,100ML STRAWBERRY,145,13
8/14/2025,250ML STRAWBERRY,84,30
8/14/2025,500ML STRAWBERRY,56,59
8/14/2025,5L STRAWBERRY,9,450
8/15/2025,100ML VANILLA,139,13
8/15/2025,250ML VANILLA,113,30
8/15/2025,500ML VANILLA,71,59
8/15/2025,100ML STRAWBERRY,128,13
8/15/2025,250ML STRAWBERRY,95,30
8/15/2025,500ML STRAWBERRY,60,59
8/15/2025,5L STRAWBERRY,9,450
8/16/2025,100ML VANILLA,149,13
8/16/2025,250ML VANILLA,110,30
8/16/2025,500ML VANILLA,81,59
8/16/2025,100ML STRAWBERRY,146,13
8/16/2025,250ML STRAWBERRY,82,30
8/16/2025,500ML STRAWBERRY,71,59
8/16/2025,5L STRAWBERRY,11,450
8/17/2025,100ML VANILLA,153,13
8/17/2025,250ML VANILLA,98,30
8/17/2025,500ML VANILLA,78,59
8/17/2025,100ML STRAWBERRY,141,13
8/17/2025,250ML STRAWBERRY,95,30
8/17/2025,500ML STRAWBERRY,66,59
8/17/2025,5L STRAWBERRY,10,450
8/18/2025,100ML VANILLA,225,13
8/18/2025,250ML VANILLA,139,30
8/18/2025,500ML VANILLA,89,59
8/18/2025,100ML STRAWBERRY,147,13
8/18/2025,250ML STRAWBERRY,136,30
8/18/2025,500ML STRAWBERRY,93,59
8/18/2025,5L STRAWBERRY,14,450
8/19/2025,100ML VANILLA,228,13
8/19/2025,250ML VANILLA,143,30
8/19/2025,500ML VANILLA,102,59
8/19/2025,100ML STRAWBERRY,157,13
8/19/2025,250ML STRAWBERRY,127,30
8/19/2025,500ML STRAWBERRY,86,59
8/19/2025,5L STRAWBERRY,14,450
8/20/2025,100ML VANILLA,158,13
8/20/2025,250ML VANILLA,93,30
8/20/2025,500ML VANILLA,82,59
8/20/2025,100ML STRAWBERRY,147,13
8/20/2025,250ML STRAWBERRY,99,30
8/20/2025,500ML STRAWBERRY,67,59
8/20/2025,5L STRAWBERRY,11,450
8/21/2025,100ML VANILLA,162,13
8/21/2025,250ML VANILLA,116,30
8/21/2025,500ML VANILLA,78,59
8/21/2025,100ML STRAWBERRY,133,13
8/21/2025,250ML STRAWBERRY,84,30
8/21/2025,500ML STRAWBERRY,73,59
8/21/2025,5L STRAWBERRY,10,450
8/22/2025,100ML VANILLA,139,13
8/22/2025,250ML VANILLA,89,30
8/22/2025,500ML VANILLA,57,59
8/22/2025,100ML STRAWBERRY,97,13
8/22/2025,250ML STRAWBERRY,64,30
8/22/2025,500ML STRAWBERRY,49,59
8/22/2025,5L STRAWBERRY,9,450
8/23/2025,100ML VANILLA,110,13
8/23/2025,250ML VANILLA,90,30
8/23/2025,500ML VANILLA,68,59
8/23/2025,100ML STRAWBERRY,109,13
8/23/2025,250ML STRAWBERRY,77,30
8/23/2025,500ML STRAWBERRY,53,59
8/23/2025,5L STRAWBERRY,9,450
8/24/2025,100ML VANILLA,109,13
8/24/2025,250ML VANILLA,88,30
8/24/2025,500ML VANILLA,58,59
8/24/2025,100ML STRAWBERRY,96,13
8/24/2025,250ML STRAWBERRY,60,30
8/24/2025,500ML STRAWBERRY,57,59
8/24/2025,5L STRAWBERRY,7,450
8/25/2025,100ML VANILLA,180,13
8/25/2025,250ML VANILLA,104,30
8/25/2025,500ML VANILLA,84,59
8/25/2025,100ML STRAWBERRY,127,13
8/25/2025,250ML STRAWBERRY,93,30
8/25/2025,500ML STRAWBERRY,59,59
8/25/2025,5L STRAWBERRY,10,450
8/26/2025,100ML VANILLA,177,13
8/26/2025,250ML VANILLA,124,30
8/26/2025,500ML VANILLA,94,59
8/26/2025,100ML STRAWBERRY,135,13
8/26/2025,250ML STRAWBERRY,84,30
8/26/2025,500ML STRAWBERRY,71,59
8/26/2025,5L STRAWBERRY,12,450
8/27/2025,100ML VANILLA,104,13
8/27/2025,250ML VANILLA,89,30
8/27/2025,500ML VANILLA,68,59
8/27/2025,100ML STRAWBERRY,97,13
8/27/2025,250ML STRAWBERRY,72,30
8/27/2025,500ML STRAWBERRY,46,59
8/27/2025,5L STRAWBERRY,8,450
8/28/2025,100ML VANILLA,137,13
8/28/2025,250ML VANILLA,85,30
8/28/2025,500ML VANILLA,56,59
8/28/2025,100ML STRAWBERRY,99,13
8/28/2025,250ML STRAWBERRY,64,30
8/28/2025,500ML STRAWBERRY,55,59
8/28/2025,5L STRAWBERRY,8,450
8/29/2025,100ML VANILLA,133,13
8/29/2025,250ML VANILLA,80,30
8/29/2025,500ML VANILLA,60,59
8/29/2025,100ML STRAWBERRY,100,13
8/29/2025,250ML STRAWBERRY,78,30
8/29/2025,500ML STRAWBERRY,44,59
8/29/2025,5L STRAWBERRY,7,450
8/30/2025,100ML VANILLA,136,13
8/30/2025,250ML VANILLA,80,30
8/30/2025,500ML VANILLA,54,59
8/30/2025,100ML STRAWBERRY,111,13
8/30/2025,250ML STRAWBERRY,73,30
8/30/2025,500ML STRAWBERRY,45,59
8/30/2025,5L STRAWBERRY,9,450
8/31/2025,100ML VANILLA,124,13
8/31/2025,250ML VANILLA,85,30
8/31/2025,500ML VANILLA,63,59
8/31/2025,100ML STRAWBERRY,108,13
8/31/2025,250ML STRAWBERRY,62,30
8/31/2025,500ML STRAWBERRY,51,59
8/31/2025,5L STRAWBERRY,9,450
9/1/2025,100ML VANILLA,154,13
9/1/2025,250ML VANILLA,128,30
9/1/2025,500ML VANILLA,86,59
9/1/2025,100ML STRAWBERRY,151,13
9/1/2025,250ML STRAWBERRY,89,30
9/1/2025,500ML STRAWBERRY,60,59
9/1/2025,5L STRAWBERRY,12,450
9/2/2025,100ML VANILLA,143,13
9/2/2025,250ML VANILLA,108,30
9/2/2025,500ML VANILLA,85,59
9/2/2025,100ML STRAWBERRY,147,13
9/2/2025,250ML STRAWBERRY,83,30
9/2/2025,500ML STRAWBERRY,71,59
9/2/2025,5L STRAWBERRY,12,450
9/3/2025,100ML VANILLA,138,13
9/3/2025,250ML VANILLA,77,30
9/3/2025,500ML VANILLA,64,59
9/3/2025,100ML STRAWBERRY,90,13
9/3/2025,250ML STRAWBERRY,64,30
9/3/2025,500ML STRAWBERRY,55,59
9/3/2025,5L STRAWBERRY,9,450
9/4/2025,100ML VANILLA,142,13
9/4/2025,250ML VANILLA,98,30
9/4/2025,500ML VANILLA,63,59
9/4/2025,100ML STRAWBERRY,98,13
9/4/2025,250ML STRAWBERRY,78,30
9/4/2025,500ML STRAWBERRY,54,59
9/4/2025,5L STRAWBERRY,8,450
9/5/2025,100ML VANILLA,118,13
9/5/2025,250ML VANILLA,96,30
9/5/2025,500ML VANILLA,54,59
9/5/2025,100ML STRAWBERRY,110,13
9/5/2025,250ML STRAWBERRY,61,30
9/5/2025,500ML STRAWBERRY,51,59
9/5/2025,5L STRAWBERRY,8,450
9/6/2025,100ML VANILLA,128,13
9/6/2025,250ML VANILLA,85,30
9/6/2025,500ML VANILLA,62,59
9/6/2025,100ML STRAWBERRY,98,13
9/6/2025,250ML STRAWBERRY,70,30
9/6/2025,500ML STRAWBERRY,55,59
9/6/2025,5L STRAWBERRY,7,450
9/7/2025,100ML VANILLA,110,13
9/7/2025,250ML VANILLA,95,30
9/7/2025,500ML VANILLA,57,59
9/7/2025,100ML STRAWBERRY,107,13
9/7/2025,250ML STRAWBERRY,67,30
9/7/2025,500ML STRAWBERRY,53,59
9/7/2025,5L STRAWBERRY,7,450
9/8/2025,100ML VANILLA,142,13
9/8/2025,250ML VANILLA,110,30
9/8/2025,500ML VANILLA,79,59
9/8/2025,100ML STRAWBERRY,148,13
9/8/2025,250ML STRAWBERRY,97,30
9/8/2025,500ML STRAWBERRY,76,59
9/8/2025,5L STRAWBERRY,10,450
9/9/2025,100ML VANILLA,163,13
9/9/2025,250ML VANILLA,111,30
9/9/2025,500ML VANILLA,82,59
9/9/2025,100ML STRAWBERRY,139,13
9/9/2025,250ML STRAWBERRY,106,30
9/9/2025,500ML STRAWBERRY,74,59
9/9/2025,5L STRAWBERRY,12,450
9/10/2025,100ML VANILLA,123,13
9/10/2025,250ML VANILLA,85,30
9/10/2025,500ML VANILLA,58,59
9/10/2025,100ML STRAWBERRY,109,13
9/10/2025,250ML STRAWBERRY,67,30
9/10/2025,500ML STRAWBERRY,51,59
9/10/2025,5L STRAWBERRY,9,450
9/11/2025,100ML VANILLA,127,13
9/11/2025,250ML VANILLA,93,30
9/11/2025,500ML VANILLA,67,59
9/11/2025,100ML STRAWBERRY,103,13
9/11/2025,250ML STRAWBERRY,73,30
9/11/2025,500ML STRAWBERRY,54,59
9/11/2025,5L STRAWBERRY,7,450
9/12/2025,100ML VANILLA,113,13
9/12/2025,250ML VANILLA,96,30
9/12/2025,500ML VANILLA,69,59
9/12/2025,100ML STRAWBERRY,88,13
9/12/2025,250ML STRAWBERRY,67,30
9/12/2025,500ML STRAWBERRY,58,59
9/12/2025,5L STRAWBERRY,9,450
9/13/2025,100ML VANILLA,117,13
9/13/2025,250ML VANILLA,94,30
9/13/2025,500ML VANILLA,61,59
9/13/2025,100ML STRAWBERRY,114,13
9/13/2025,250ML STRAWBERRY,66,30
9/13/2025,500ML STRAWBERRY,45,59
9/13/2025,5L STRAWBERRY,7,450
9/14/2025,100ML VANILLA,109,13
9/14/2025,250ML VANILLA,84,30
9/14/2025,500ML VANILLA,64,59
9/14/2025,100ML STRAWBERRY,86,13
9/14/2025,250ML STRAWBERRY,70,30
9/14/2025,500ML STRAWBERRY,50,59
9/14/2025,5L STRAWBERRY,8,450
9/15/2025,100ML VANILLA,147,13
9/15/2025,250ML VANILLA,128,30
9/15/2025,500ML VANILLA,83,59
9/15/2025,100ML STRAWBERRY,132,13
9/15/2025,250ML STRAWBERRY,86,30
9/15/2025,500ML STRAWBERRY,68,59
9/15/2025,5L STRAWBERRY,11,450
9/16/2025,100ML VANILLA,185,13
9/16/2025,250ML VANILLA,134,30
9/16/2025,500ML VANILLA,78,59
9/16/2025,100ML STRAWBERRY,151,13
9/16/2025,250ML STRAWBERRY,92,30
9/16/2025,500ML STRAWBERRY,72,59
9/16/2025,5L STRAWBERRY,13,450
9/17/2025,100ML VANILLA,140,13
9/17/2025,250ML VANILLA,89,30
9/17/2025,500ML VANILLA,70,59
9/17/2025,100ML STRAWBERRY,89,13
9/17/2025,250ML STRAWBERRY,79,30
9/17/2025,500ML STRAWBERRY,57,59
9/17/2025,5L STRAWBERRY,9,450
9/18/2025,100ML VANILLA,125,13
9/18/2025,250ML VANILLA,85,30
9/18/2025,500ML VANILLA,65,59
9/18/2025,100ML STRAWBERRY,100,13
9/18/2025,250ML STRAWBERRY,78,30
9/18/2025,500ML STRAWBERRY,49,59
9/18/2025,5L STRAWBERRY,7,450
9/19/2025,100ML VANILLA,126,13
9/19/2025,250ML VANILLA,86,30
9/19/2025,500ML VANILLA,70,59
9/19/2025,100ML STRAWBERRY,109,13
9/19/2025,250ML STRAWBERRY,67,30
9/19/2025,500ML STRAWBERRY,51,59
9/19/2025,5L STRAWBERRY,9,450
9/20/2025,100ML VANILLA,123,13
9/20/2025,250ML VANILLA,75,30
9/20/2025,500ML VANILLA,62,59
9/20/2025,100ML STRAWBERRY,100,13
9/20/2025,250ML STRAWBERRY,76,30
9/20/2025,500ML STRAWBERRY,57,59
9/20/2025,5L STRAWBERRY,9,450
9/21/2025,100ML VANILLA,135,13
9/21/2025,250ML VANILLA,74,30
9/21/2025,500ML VANILLA,68,59
9/21/2025,100ML STRAWBERRY,109,13
9/21/2025,250ML STRAWBERRY,78,30
9/21/2025,500ML STRAWBERRY,49,59
9/21/2025,5L STRAWBERRY,9,450
9/22/2025,100ML VANILLA,145,13
9/22/2025,250ML VANILLA,134,30
9/22/2025,500ML VANILLA,74,59
9/22/2025,100ML STRAWBERRY,127,13
9/22/2025,250ML STRAWBERRY,91,30
9/22/2025,500ML STRAWBERRY,72,59
9/22/2025,5L STRAWBERRY,12,450
9/23/2025,100ML VANILLA,168,13
9/23/2025,250ML VANILLA,108,30
9/23/2025,500ML VANILLA,88,59
9/23/2025,100ML STRAWBERRY,125,13
9/23/2025,250ML STRAWBERRY,93,30
9/23/2025,500ML STRAWBERRY,72,59
9/23/2025,5L STRAWBERRY,11,450
9/24/2025,100ML VANILLA,126,13
9/24/2025,250ML VANILLA,87,30
9/24/2025,500ML VANILLA,54,59
9/24/2025,100ML STRAWBERRY,97,13
9/24/2025,250ML STRAWBERRY,67,30
9/24/2025,500ML STRAWBERRY,55,59
9/24/2025,5L STRAWBERRY,8,450
9/25/2025,100ML VANILLA,132,13
9/25/2025,250ML VANILLA,82,30
9/25/2025,500ML VANILLA,59,59
9/25/2025,100ML STRAWBERRY,105,13
9/25/2025,250ML STRAWBERRY,61,30
9/25/2025,500ML STRAWBERRY,49,59
9/25/2025,5L STRAWBERRY,8,450
9/26/2025,100ML VANILLA,123,13
9/26/2025,250ML VANILLA,93,30
9/26/2025,500ML VANILLA,57,59
9/26/2025,100ML STRAWBERRY,102,13
9/26/2025,250ML STRAWBERRY,61,30
9/26/2025,500ML STRAWBERRY,46,59
9/26/2025,5L STRAWBERRY,7,450
9/27/2025,100ML VANILLA,142,13
9/27/2025,250ML VANILLA,77,30
9/27/2025,500ML VANILLA,56,59
9/27/2025,100ML STRAWBERRY,105,13
9/27/2025,250ML STRAWBERRY,71,30
9/27/2025,500ML STRAWBERRY,53,59
9/27/2025,5L STRAWBERRY,8,450
9/28/2025,100ML VANILLA,109,13
9/28/2025,250ML VANILLA,81,30
9/28/2025,500ML VANILLA,58,59
9/28/2025,100ML STRAWBERRY,116,13
9/28/2025,250ML STRAWBERRY,74,30
9/28/2025,500ML STRAWBERRY,54,59
9/28/2025,5L STRAWBERRY,7,450
9/29/2025,100ML VANILLA,145,13
9/29/2025,250ML VANILLA,127,30
9/29/2025,500ML VANILLA,73,59
9/29/2025,100ML STRAWBERRY,137,13
9/29/2025,250ML STRAWBERRY,99,30
9/29/2025,500ML STRAWBERRY,74,59
9/29/2025,5L STRAWBERRY,11,450
9/30/2025,100ML VANILLA,147,13
9/30/2025,250ML VANILLA,110,30
9/30/2025,500ML VANILLA,85,59
9/30/2025,100ML STRAWBERRY,134,13
9/30/2025,250ML STRAWBERRY,109,30
9/30/2025,500ML STRAWBERRY,65,59
9/30/2025,5L STRAWBERRY,12,450
10/1/2025,100ML VANILLA,117,13
10/1/2025,250ML VANILLA,78,30
10/1/2025,500ML VANILLA,54,59
10/1/2025,100ML STRAWBERRY,95,13
10/1/2025,250ML STRAWBERRY,75,30
10/1/2025,500ML STRAWBERRY,50,59
10/1/2025,5L STRAWBERRY,8,450
10/2/2025,100ML VANILLA,131,13
10/2/2025,250ML VANILLA,84,30
10/2/2025,500ML VANILLA,70,59
10/2/2025,100ML STRAWBERRY,96,13
10/2/2025,250ML STRAWBERRY,77,30
10/2/2025,500ML STRAWBERRY,49,59
10/2/2025,5L STRAWBERRY,8,450
10/3/2025,100ML VANILLA,127,13
10/3/2025,250ML VANILLA,77,30
10/3/2025,500ML VANILLA,67,59
10/3/2025,100ML STRAWBERRY,100,13
10/3/2025,250ML STRAWBERRY,64,30
10/3/2025,500ML STRAWBERRY,56,59
10/3/2025,5L STRAWBERRY,9,450
10/4/2025,100ML VANILLA,142,13
10/4/2025,250ML VANILLA,84,30
10/4/2025,500ML VANILLA,71,59
10/4/2025,100ML STRAWBERRY,100,13
10/4/2025,250ML STRAWBERRY,71,30
10/4/2025,500ML STRAWBERRY,44,59
10/4/2025,5L STRAWBERRY,7,450
10/5/2025,100ML VANILLA,115,13
10/5/2025,250ML VANILLA,81,30
10/5/2025,500ML VANILLA,70,59
10/5/2025,100ML STRAWBERRY,110,13
10/5/2025,250ML STRAWBERRY,63,30
10/5/2025,500ML STRAWBERRY,48,59
10/5/2025,5L STRAWBERRY,7,450
10/6/2025,100ML VANILLA,156,13
10/6/2025,250ML VANILLA,121,30
10/6/2025,500ML VANILLA,70,59
10/6/2025,100ML STRAWBERRY,126,13
10/6/2025,250ML STRAWBERRY,109,30
10/6/2025,500ML STRAWBERRY,67,59
10/6/2025,5L STRAWBERRY,10,450
10/7/2025,100ML VANILLA,180,13
10/7/2025,250ML VANILLA,102,30
10/7/2025,500ML VANILLA,80,59
10/7/2025,100ML STRAWBERRY,120,13
10/7/2025,250ML STRAWBERRY,92,30
10/7/2025,500ML STRAWBERRY,76,59
10/7/2025,5L STRAWBERRY,12,450
10/8/2025,100ML VANILLA,140,13
10/8/2025,250ML VANILLA,95,30
10/8/2025,500ML VANILLA,54,59
10/8/2025,100ML STRAWBERRY,111,13
10/8/2025,250ML STRAWBERRY,70,30
10/8/2025,500ML STRAWBERRY,52,59
10/8/2025,5L STRAWBERRY,7,450
10/9/2025,100ML VANILLA,127,13
10/9/2025,250ML VANILLA,88,30
10/9/2025,500ML VANILLA,57,59
10/9/2025,100ML STRAWBERRY,110,13
10/9/2025,250ML STRAWBERRY,78,30
10/9/2025,500ML STRAWBERRY,57,59
10/9/2025,5L STRAWBERRY,7,450
10/10/2025,100ML VANILLA,127,13
10/10/2025,250ML VANILLA,88,30
10/10/2025,500ML VANILLA,65,59
10/10/2025,100ML STRAWBERRY,104,13
10/10/2025,250ML STRAWBERRY,69,30
10/10/2025,500ML STRAWBERRY,55,59
10/10/2025,5L STRAWBERRY,8,450
10/11/2025,100ML VANILLA,118,13
10/11/2025,250ML VANILLA,88,30
10/11/2025,500ML VANILLA,57,59
10/11/2025,100ML STRAWBERRY,115,13
10/11/2025,250ML STRAWBERRY,67,30
10/11/2025,500ML STRAWBERRY,51,59
10/11/2025,5L STRAWBERRY,8,450
10/12/2025,100ML VANILLA,108,13
10/12/2025,250ML VANILLA,87,30
10/12/2025,500ML VANILLA,64,59
10/12/2025,100ML STRAWBERRY,108,13
10/12/2025,250ML STRAWBERRY,72,30
10/12/2025,500ML STRAWBERRY,56,59
10/12/2025,5L STRAWBERRY,8,450
10/13/2025,100ML VANILLA,156,13
10/13/2025,250ML VANILLA,111,30
10/13/2025,500ML VANILLA,93,59
10/13/2025,100ML STRAWBERRY,145,13
10/13/2025,250ML STRAWBERRY,108,30
10/13/2025,500ML STRAWBERRY,59,59
10/13/2025,5L STRAWBERRY,10,450
10/14/2025,100ML VANILLA,160,13
10/14/2025,250ML VANILLA,130,30
10/14/2025,500ML VANILLA,78,59
10/14/2025,100ML STRAWBERRY,155,13
10/14/2025,250ML STRAWBERRY,105,30
10/14/2025,500ML STRAWBERRY,76,59
10/14/2025,5L STRAWBERRY,10,450
10/15/2025,100ML VANILLA,135,13
10/15/2025,250ML VANILLA,86,30
10/15/2025,500ML VANILLA,65,59
10/15/2025,100ML STRAWBERRY,103,13
10/15/2025,250ML STRAWBERRY,66,30
10/15/2025,500ML STRAWBERRY,47,59
10/15/2025,5L STRAWBERRY,8,450
10/16/2025,100ML VANILLA,134,13
10/16/2025,250ML VANILLA,94,30
10/16/2025,500ML VANILLA,68,59
10/16/2025,100ML STRAWBERRY,94,13
10/16/2025,250ML STRAWBERRY,76,30
10/16/2025,500ML STRAWBERRY,51,59
10/16/2025,5L STRAWBERRY,8,450
10/17/2025,100ML VANILLA,108,13
10/17/2025,250ML VANILLA,75,30
10/17/2025,500ML VANILLA,68,59
10/17/2025,100ML STRAWBERRY,101,13
10/17/2025,250ML STRAWBERRY,70,30
10/17/2025,500ML STRAWBERRY,52,59
10/17/2025,5L STRAWBERRY,7,450
10/18/2025,100ML VANILLA,138,13
10/18/2025,250ML VANILLA,100,30
10/18/2025,500ML VANILLA,65,59
10/18/2025,100ML STRAWBERRY,105,13
10/18/2025,250ML STRAWBERRY,82,30
10/18/2025,500ML STRAWBERRY,51,59
10/18/2025,5L STRAWBERRY,7,450
10/19/2025,100ML VANILLA,128,13
10/19/2025,250ML VANILLA,96,30
10/19/2025,500ML VANILLA,56,59
10/19/2025,100ML STRAWBERRY,90,13
10/19/2025,250ML STRAWBERRY,72,30
10/19/2025,500ML STRAWBERRY,44,59
10/19/2025,5L STRAWBERRY,8,450
10/20/2025,100ML VANILLA,171,13
10/20/2025,250ML VANILLA,105,30
10/20/2025,500ML VANILLA,75,59
10/20/2025,100ML STRAWBERRY,134,13
10/20/2025,250ML STRAWBERRY,88,30
10/20/2025,500ML STRAWBERRY,68,59
10/20/2025,5L STRAWBERRY,12,450
10/21/2025,100ML VANILLA,149,13
10/21/2025,250ML VANILLA,117,30
10/21/2025,500ML VANILLA,84,59
10/21/2025,100ML STRAWBERRY,159,13
10/21/2025,250ML STRAWBERRY,98,30
10/21/2025,500ML STRAWBERRY,63,59
10/21/2025,5L STRAWBERRY,10,450
10/22/2025,100ML VANILLA,133,13
10/22/2025,250ML VANILLA,96,30
10/22/2025,500ML VANILLA,77,59
10/22/2025,100ML STRAWBERRY,117,13
10/22/2025,250ML STRAWBERRY,74,30
10/22/2025,500ML STRAWBERRY,57,59
10/22/2025,5L STRAWBERRY,10,450
10/23/2025,100ML VANILLA,141,13
10/23/2025,250ML VANILLA,88,30
10/23/2025,500ML VANILLA,77,59
10/23/2025,100ML STRAWBERRY,111,13
10/23/2025,250ML STRAWBERRY,74,30
10/23/2025,500ML STRAWBERRY,54,59
10/23/2025,5L STRAWBERRY,8,450
10/24/2025,100ML VANILLA,130,13
10/24/2025,250ML VANILLA,90,30
10/24/2025,500ML VANILLA,73,59
10/24/2025,100ML STRAWBERRY,107,13
10/24/2025,250ML STRAWBERRY,93,30
10/24/2025,500ML STRAWBERRY,65,59
10/24/2025,5L STRAWBERRY,8,450
10/25/2025,100ML VANILLA,133,13
10/25/2025,250ML VANILLA,92,30
10/25/2025,500ML VANILLA,67,59
10/25/2025,100ML STRAWBERRY,121,13
10/25/2025,250ML STRAWBERRY,78,30
10/25/2025,500ML STRAWBERRY,64,59
10/25/2025,5L STRAWBERRY,8,450
10/26/2025,100ML VANILLA,155,13
10/26/2025,250ML VANILLA,106,30
10/26/2025,500ML VANILLA,61,59
10/26/2025,100ML STRAWBERRY,103,13
10/26/2025,250ML STRAWBERRY,71,30
10/26/2025,500ML STRAWBERRY,63,59
10/26/2025,5L STRAWBERRY,8,450
10/27/2025,100ML VANILLA,177,13
10/27/2025,250ML VANILLA,125,30
10/27/2025,500ML VANILLA,101,59
10/27/2025,100ML STRAWBERRY,141,13
10/27/2025,250ML STRAWBERRY,97,30
10/27/2025,500ML STRAWBERRY,81,59
10/27/2025,5L STRAWBERRY,13,450
10/28/2025,100ML VANILLA,205,13
10/28/2025,250ML VANILLA,138,30
10/28/2025,500ML VANILLA,91,59
10/28/2025,100ML STRAWBERRY,130,13
10/28/2025,250ML STRAWBERRY,117,30
10/28/2025,500ML STRAWBERRY,88,59
10/28/2025,5L STRAWBERRY,11,450
10/29/2025,100ML VANILLA,131,13
10/29/2025,250ML VANILLA,92,30
10/29/2025,500ML VANILLA,72,59
10/29/2025,100ML STRAWBERRY,127,13
10/29/2025,250ML STRAWBERRY,87,30
10/29/2025,500ML STRAWBERRY,53,59
10/29/2025,5L STRAWBERRY,8,450
10/30/2025,100ML VANILLA,140,13
10/30/2025,250ML VANILLA,91,30
10/30/2025,500ML VANILLA,77,59
10/30/2025,100ML STRAWBERRY,106,13
10/30/2025,250ML STRAWBERRY,74,30
10/30/2025,500ML STRAWBERRY,55,59
10/30/2025,5L STRAWBERRY,9,450
10/31/2025,100ML VANILLA,152,13
10/31/2025,250ML VANILLA,92,30
10/31/2025,500ML VANILLA,64,59
10/31/2025,100ML STRAWBERRY,115,13
10/31/2025,250ML STRAWBERRY,72,30
10/31/2025,500ML STRAWBERRY,65,59
10/31/2025,5L STRAWBERRY,8,450
11/1/2025,100ML VANILLA,138,13
11/1/2025,250ML VANILLA,104,30
11/1/2025,500ML VANILLA,79,59
11/1/2025,100ML STRAWBERRY,110,13
11/1/2025,250ML STRAWBERRY,90,30
11/1/2025,500ML STRAWBERRY,64,59
11/1/2025,5L STRAWBERRY,9,450
11/2/2025,100ML VANILLA,143,13
11/2/2025,250ML VANILLA,102,30
11/2/2025,500ML VANILLA,69,59
11/2/2025,100ML STRAWBERRY,107,13
11/2/2025,250ML STRAWBERRY,90,30
11/2/2025,500ML STRAWBERRY,61,59
11/2/2025,5L STRAWBERRY,9,450
11/3/2025,100ML VANILLA,180,13
11/3/2025,250ML VANILLA,118,30
11/3/2025,500ML VANILLA,79,59
11/3/2025,100ML STRAWBERRY,156,13
11/3/2025,250ML STRAWBERRY,117,30
11/3/2025,500ML STRAWBERRY,73,59
11/3/2025,5L STRAWBERRY,14,450
11/4/2025,100ML VANILLA,214,13
11/4/2025,250ML VANILLA,120,30
11/4/2025,500ML VANILLA,103,59
11/4/2025,100ML STRAWBERRY,146,13
11/4/2025,250ML STRAWBERRY,122,30
11/4/2025,500ML STRAWBERRY,72,59
11/4/2025,5L STRAWBERRY,13,450
11/5/2025,100ML VANILLA,134,13
11/5/2025,250ML VANILLA,93,30
11/5/2025,500ML VANILLA,75,59
11/5/2025,100ML STRAWBERRY,106,13
11/5/2025,250ML STRAWBERRY,72,30
11/5/2025,500ML STRAWBERRY,51,59
11/5/2025,5L STRAWBERRY,10,450
11/6/2025,100ML VANILLA,125,13
11/6/2025,250ML VANILLA,105,30
11/6/2025,500ML VANILLA,73,59
11/6/2025,100ML STRAWBERRY,104,13
11/6/2025,250ML STRAWBERRY,77,30
11/6/2025,500ML STRAWBERRY,60,59
11/6/2025,5L STRAWBERRY,10,450
11/7/2025,100ML VANILLA,159,13
11/7/2025,250ML VANILLA,90,30
11/7/2025,500ML VANILLA,69,59
11/7/2025,100ML STRAWBERRY,123,13
11/7/2025,250ML STRAWBERRY,85,30
11/7/2025,500ML STRAWBERRY,55,59
11/7/2025,5L STRAWBERRY,10,450
11/8/2025,100ML VANILLA,141,13
11/8/2025,250ML VANILLA,104,30
11/8/2025,500ML VANILLA,69,59
11/8/2025,100ML STRAWBERRY,112,13
11/8/2025,250ML STRAWBERRY,70,30
11/8/2025,500ML STRAWBERRY,56,59
11/8/2025,5L STRAWBERRY,8,450
11/9/2025,100ML VANILLA,139,13
11/9/2025,250ML VANILLA,96,30
11/9/2025,500ML VANILLA,76,59
11/9/2025,100ML STRAWBERRY,112,13
11/9/2025,250ML STRAWBERRY,85,30
11/9/2025,500ML STRAWBERRY,55,59
11/9/2025,5L STRAWBERRY,10,450
11/10/2025,100ML VANILLA,189,13
11/10/2025,250ML VANILLA,130,30
11/10/2025,500ML VANILLA,105,59
11/10/2025,100ML STRAWBERRY,158,13
11/10/2025,250ML STRAWBERRY,115,30
11/10/2025,500ML STRAWBERRY,80,59
11/10/2025,5L STRAWBERRY,13,450
11/11/2025,100ML VANILLA,160,13
11/11/2025,250ML VANILLA,138,30
11/11/2025,500ML VANILLA,99,59
11/11/2025,100ML STRAWBERRY,147,13
11/11/2025,250ML STRAWBERRY,115,30
11/11/2025,500ML STRAWBERRY,78,59
11/11/2025,5L STRAWBERRY,13,450
11/12/2025,100ML VANILLA,150,13
11/12/2025,250ML VANILLA,111,30
11/12/2025,500ML VANILLA,70,59
11/12/2025,100ML STRAWBERRY,115,13
11/12/2025,250ML STRAWBERRY,78,30
11/12/2025,500ML STRAWBERRY,54,59
11/12/2025,5L STRAWBERRY,11,450
11/13/2025,100ML VANILLA,134,13
11/13/2025,250ML VANILLA,94,30
11/13/2025,500ML VANILLA,72,59
11/13/2025,100ML STRAWBERRY,119,13
11/13/2025,250ML STRAWBERRY,76,30
11/13/2025,500ML STRAWBERRY,61,59
11/13/2025,5L STRAWBERRY,9,450
11/14/2025,100ML VANILLA,157,13
11/14/2025,250ML VANILLA,82,30
11/14/2025,500ML VANILLA,74,59
11/14/2025,100ML STRAWBERRY,121,13
11/14/2025,250ML STRAWBERRY,74,30
11/14/2025,500ML STRAWBERRY,61,59
11/14/2025,5L STRAWBERRY,8,450
11/15/2025,100ML VANILLA,135,13
11/15/2025,250ML VANILLA,87,30
11/15/2025,500ML VANILLA,63,59
11/15/2025,100ML STRAWBERRY,105,13
11/15/2025,250ML STRAWBERRY,79,30
11/15/2025,500ML STRAWBERRY,59,59
11/15/2025,5L STRAWBERRY,8,450
11/16/2025,100ML VANILLA,134,13
11/16/2025,250ML VANILLA,95,30
11/16/2025,500ML VANILLA,69,59
11/16/2025,100ML STRAWBERRY,99,13
11/16/2025,250ML STRAWBERRY,84,30
11/16/2025,500ML STRAWBERRY,57,59
11/16/2025,5L STRAWBERRY,8,450
11/17/2025,100ML VANILLA,162,13
11/17/2025,250ML VANILLA,151,30
11/17/2025,500ML VANILLA,106,59
11/17/2025,100ML STRAWBERRY,150,13
11/17/2025,250ML STRAWBERRY,103,30
11/17/2025,500ML STRAWBERRY,89,59
11/17/2025,5L STRAWBERRY,14,450
11/18/2025,100ML VANILLA,176,13
11/18/2025,250ML VANILLA,128,30
11/18/2025,500ML VANILLA,84,59
11/18/2025,100ML STRAWBERRY,165,13
11/18/2025,250ML STRAWBERRY,120,30
11/18/2025,500ML STRAWBERRY,79,59
11/18/2025,5L STRAWBERRY,12,450
11/19/2025,100ML VANILLA,152,13
11/19/2025,250ML VANILLA,102,30
11/19/2025,500ML VANILLA,69,59
11/19/2025,100ML STRAWBERRY,102,13
11/19/2025,250ML STRAWBERRY,91,30
11/19/2025,500ML STRAWBERRY,50,59
11/19/2025,5L STRAWBERRY,8,450
11/20/2025,100ML VANILLA,133,13
11/20/2025,250ML VANILLA,102,30
11/20/2025,500ML VANILLA,70,59
11/20/2025,100ML STRAWBERRY,110,13
11/20/2025,250ML STRAWBERRY,89,30
11/20/2025,500ML STRAWBERRY,63,59
11/20/2025,5L STRAWBERRY,10,450
11/21/2025,100ML VANILLA,125,13
11/21/2025,250ML VANILLA,100,30
11/21/2025,500ML VANILLA,77,59
11/21/2025,100ML STRAWBERRY,102,13
11/21/2025,250ML STRAWBERRY,77,30
11/21/2025,500ML STRAWBERRY,58,59
11/21/2025,5L STRAWBERRY,8,450
11/22/2025,100ML VANILLA,155,13
11/22/2025,250ML VANILLA,113,30
11/22/2025,500ML VANILLA,94,59
11/22/2025,100ML STRAWBERRY,129,13
11/22/2025,250ML STRAWBERRY,106,30
11/22/2025,500ML STRAWBERRY,80,59
11/22/2025,5L STRAWBERRY,12,450
11/23/2025,100ML VANILLA,163,13
11/23/2025,250ML VANILLA,135,30
11/23/2025,500ML VANILLA,79,59
11/23/2025,100ML STRAWBERRY,151,13
11/23/2025,250ML STRAWBERRY,105,30
11/23/2025,500ML STRAWBERRY,81,59
11/23/2025,5L STRAWBERRY,12,450
11/24/2025,100ML VANILLA,226,13
11/24/2025,250ML VANILLA,179,30
11/24/2025,500ML VANILLA,123,59
11/24/2025,100ML STRAWBERRY,214,13
11/24/2025,250ML STRAWBERRY,123,30
11/24/2025,500ML STRAWBERRY,84,59
11/24/2025,5L STRAWBERRY,16,450
11/25/2025,100ML VANILLA,247,13
11/25/2025,250ML VANILLA,157,30
11/25/2025,500ML VANILLA,134,59
11/25/2025,100ML STRAWBERRY,162,13
11/25/2025,250ML STRAWBERRY,136,30
11/25/2025,500ML STRAWBERRY,112,59
11/25/2025,5L STRAWBERRY,15,450
11/26/2025,100ML VANILLA,190,13
11/26/2025,250ML VANILLA,126,30
11/26/2025,500ML VANILLA,85,59
11/26/2025,100ML STRAWBERRY,141,13
11/26/2025,250ML STRAWBERRY,113,30
11/26/2025,500ML STRAWBERRY,73,59
11/26/2025,5L STRAWBERRY,12,450
11/27/2025,100ML VANILLA,181,13
11/27/2025,250ML VANILLA,131,30
11/27/2025,500ML VANILLA,79,59
11/27/2025,100ML STRAWBERRY,124,13
11/27/2025,250ML STRAWBERRY,108,30
11/27/2025,500ML STRAWBERRY,80,59
11/27/2025,5L STRAWBERRY,12,450
11/28/2025,100ML VANILLA,199,13
11/28/2025,250ML VANILLA,134,30
11/28/2025,500ML VANILLA,92,59
11/28/2025,100ML STRAWBERRY,149,13
11/28/2025,250ML STRAWBERRY,111,30
11/28/2025,500ML STRAWBERRY,73,59
11/28/2025,5L STRAWBERRY,13,450
11/29/2025,100ML VANILLA,186,13
11/29/2025,250ML VANILLA,125,30
11/29/2025,500ML VANILLA,89,59
11/29/2025,100ML STRAWBERRY,157,13
11/29/2025,250ML STRAWBERRY,102,30
11/29/2025,500ML STRAWBERRY,76,59
11/29/2025,5L STRAWBERRY,13,450
11/30/2025,100ML VANILLA,155,13
11/30/2025,250ML VANILLA,125,30
11/30/2025,500ML VANILLA,96,59
11/30/2025,100ML STRAWBERRY,141,13
11/30/2025,250ML STRAWBERRY,91,30
11/30/2025,500ML STRAWBERRY,67,59
11/30/2025,5L STRAWBERRY,11,450
12/1/2025,100ML VANILLA,243,13
12/1/2025,250ML VANILLA,179,30
12/1/2025,500ML VANILLA,120,59
12/1/2025,100ML STRAWBERRY,170,13
12/1/2025,250ML STRAWBERRY,132,30
12/1/2025,500ML STRAWBERRY,108,59
12/1/2025,5L STRAWBERRY,18,450
12/2/2025,100ML VANILLA,197,13
12/2/2025,250ML VANILLA,175,30
12/2/2025,500ML VANILLA,134,59
12/2/2025,100ML STRAWBERRY,185,13
12/2/2025,250ML STRAWBERRY,128,30
12/2/2025,500ML STRAWBERRY,101,59
12/2/2025,5L STRAWBERRY,16,450
12/3/2025,100ML VANILLA,182,13
12/3/2025,250ML VANILLA,128,30
12/3/2025,500ML VANILLA,97,59
12/3/2025,100ML STRAWBERRY,136,13
12/3/2025,250ML STRAWBERRY,96,30
12/3/2025,500ML STRAWBERRY,64,59
12/3/2025,5L STRAWBERRY,12,450
12/4/2025,100ML VANILLA,151,13
12/4/2025,250ML VANILLA,126,30
12/4/2025,500ML VANILLA,93,59
12/4/2025,100ML STRAWBERRY,133,13
12/4/2025,250ML STRAWBERRY,107,30
12/4/2025,500ML STRAWBERRY,73,59
12/4/2025,5L STRAWBERRY,10,450
12/5/2025,100ML VANILLA,187,13
12/5/2025,250ML VANILLA,131,30
12/5/2025,500ML VANILLA,89,59
12/5/2025,100ML STRAWBERRY,160,13
12/5/2025,250ML STRAWBERRY,103,30
12/5/2025,500ML STRAWBERRY,77,59
12/5/2025,5L STRAWBERRY,10,450
12/6/2025,100ML VANILLA,194,13
12/6/2025,250ML VANILLA,113,30
12/6/2025,500ML VANILLA,80,59
12/6/2025,100ML STRAWBERRY,155,13
12/6/2025,250ML STRAWBERRY,90,30
12/6/2025,500ML STRAWBERRY,66,59
12/6/2025,5L STRAWBERRY,12,450
12/7/2025,100ML VANILLA,200,13
12/7/2025,250ML VANILLA,120,30
12/7/2025,500ML VANILLA,83,59
12/7/2025,100ML STRAWBERRY,124,13
12/7/2025,250ML STRAWBERRY,116,30
12/7/2025,500ML STRAWBERRY,79,59
12/7/2025,5L STRAWBERRY,12,450
12/8/2025,100ML VANILLA,251,13
12/8/2025,250ML VANILLA,191,30
12/8/2025,500ML VANILLA,118,59
12/8/2025,100ML STRAWBERRY,171,13
12/8/2025,250ML STRAWBERRY,125,30
12/8/2025,500ML STRAWBERRY,91,59
12/8/2025,5L STRAWBERRY,18,450
12/9/2025,100ML VANILLA,217,13
12/9/2025,250ML VANILLA,150,30
12/9/2025,500ML VANILLA,103,59
12/9/2025,100ML STRAWBERRY,185,13
12/9/2025,250ML STRAWBERRY,130,30
12/9/2025,500ML STRAWBERRY,92,59
12/9/2025,5L STRAWBERRY,17,450
12/10/2025,100ML VANILLA,152,13
12/10/2025,250ML VANILLA,141,30
12/10/2025,500ML VANILLA,80,59
12/10/2025,100ML STRAWBERRY,150,13
12/10/2025,250ML STRAWBERRY,106,30
12/10/2025,500ML STRAWBERRY,63,59
12/10/2025,5L STRAWBERRY,11,450
12/11/2025,100ML VANILLA,175,13
12/11/2025,250ML VANILLA,108,30
12/11/2025,500ML VANILLA,86,59
12/11/2025,100ML STRAWBERRY,152,13
12/11/2025,250ML STRAWBERRY,97,30
12/11/2025,500ML STRAWBERRY,80,59
12/11/2025,5L STRAWBERRY,10,450
12/12/2025,100ML VANILLA,199,13
12/12/2025,250ML VANILLA,106,30
12/12/2025,500ML VANILLA,79,59
12/12/2025,100ML STRAWBERRY,136,13
12/12/2025,250ML STRAWBERRY,102,30
12/12/2025,500ML STRAWBERRY,76,59
12/12/2025,5L STRAWBERRY,12,450
12/13/2025,100ML VANILLA,192,13
12/13/2025,250ML VANILLA,140,30
12/13/2025,500ML VANILLA,83,59
12/13/2025,100ML STRAWBERRY,166,13
12/13/2025,250ML STRAWBERRY,103,30
12/13/2025,500ML STRAWBERRY,71,59
12/13/2025,5L STRAWBERRY,10,450
12/14/2025,100ML VANILLA,154,13
12/14/2025,250ML VANILLA,119,30
12/14/2025,500ML VANILLA,76,59
12/14/2025,100ML STRAWBERRY,165,13
12/14/2025,250ML STRAWBERRY,95,30
12/14/2025,500ML STRAWBERRY,76,59
12/14/2025,5L STRAWBERRY,13,450
12/15/2025,100ML VANILLA,235,13
12/15/2025,250ML VANILLA,159,30
12/15/2025,500ML VANILLA,130,59
12/15/2025,100ML STRAWBERRY,182,13
12/15/2025,250ML STRAWBERRY,156,30
12/15/2025,500ML STRAWBERRY,91,59
12/15/2025,5L STRAWBERRY,14,450
12/16/2025,100ML VANILLA,263,13
12/16/2025,250ML VANILLA,145,30
12/16/2025,500ML VANILLA,121,59
12/16/2025,100ML STRAWBERRY,212,13
12/16/2025,250ML STRAWBERRY,136,30
12/16/2025,500ML STRAWBERRY,106,59
12/16/2025,5L STRAWBERRY,15,450
12/17/2025,100ML VANILLA,194,13
12/17/2025,250ML VANILLA,121,30
12/17/2025,500ML VANILLA,97,59
12/17/2025,100ML STRAWBERRY,155,13
12/17/2025,250ML STRAWBERRY,109,30
12/17/2025,500ML STRAWBERRY,76,59
12/17/2025,5L STRAWBERRY,13,450
12/18/2025,100ML VANILLA,177,13
12/18/2025,250ML VANILLA,124,30
12/18/2025,500ML VANILLA,90,59
12/18/2025,100ML STRAWBERRY,146,13
12/18/2025,250ML STRAWBERRY,88,30
12/18/2025,500ML STRAWBERRY,71,59
12/18/2025,5L STRAWBERRY,11,450
12/19/2025,100ML VANILLA,165,13
12/19/2025,250ML VANILLA,138,30
12/19/2025,500ML VANILLA,88,59
12/19/2025,100ML STRAWBERRY,130,13
12/19/2025,250ML STRAWBERRY,95,30
12/19/2025,500ML STRAWBERRY,78,59
12/19/2025,5L STRAWBERRY,11,450
12/20/2025,100ML VANILLA,197,13
12/20/2025,250ML VANILLA,132,30
12/20/2025,500ML VANILLA,87,59
12/20/2025,100ML STRAWBERRY,146,13
12/20/2025,250ML STRAWBERRY,106,30
12/20/2025,500ML STRAWBERRY,67,59
12/20/2025,5L STRAWBERRY,13,450
12/21/2025,100ML VANILLA,164,13
12/21/2025,250ML VANILLA,121,30
12/21/2025,500ML VANILLA,86,59
12/21/2025,100ML STRAWBERRY,131,13
12/21/2025,250ML STRAWBERRY,92,30
12/21/2025,500ML STRAWBERRY,68,59
12/21/2025,5L STRAWBERRY,11,450
12/22/2025,100ML VANILLA,212,13
12/22/2025,250ML VANILLA,150,30
12/22/2025,500ML VANILLA,128,59
12/22/2025,100ML STRAWBERRY,190,13
12/22/2025,250ML STRAWBERRY,130,30
12/22/2025,500ML STRAWBERRY,89,59
12/22/2025,5L STRAWBERRY,14,450
12/23/2025,100ML VANILLA,178,13
12/23/2025,250ML VANILLA,107,30
12/23/2025,500ML VANILLA,85,59
12/23/2025,100ML STRAWBERRY,133,13
12/23/2025,250ML STRAWBERRY,100,30
12/23/2025,500ML STRAWBERRY,75,59
12/23/2025,5L STRAWBERRY,12,450
12/24/2025,100ML VANILLA,123,13
12/24/2025,250ML VANILLA,99,30
12/24/2025,500ML VANILLA,55,59
12/24/2025,100ML STRAWBERRY,89,13
12/24/2025,250ML STRAWBERRY,73,30
12/24/2025,500ML STRAWBERRY,49,59
12/24/2025,5L STRAWBERRY,8,450
12/25/2025,100ML VANILLA,136,13
12/25/2025,250ML VANILLA,85,30
12/25/2025,500ML VANILLA,67,59
12/25/2025,100ML STRAWBERRY,95,13
12/25/2025,250ML STRAWBERRY,68,30
12/25/2025,500ML STRAWBERRY,56,59
12/25/2025,5L STRAWBERRY,8,450
12/26/2025,100ML VANILLA,115,13
12/26/2025,250ML VANILLA,97,30
12/26/2025,500ML VANILLA,62,59
12/26/2025,100ML STRAWBERRY,121,13
12/26/2025,250ML STRAWBERRY,76,30
12/26/2025,500ML STRAWBERRY,45,59
12/26/2025,5L STRAWBERRY,9,450
12/27/2025,100ML VANILLA,124,13
12/27/2025,250ML VANILLA,76,30
12/27/2025,500ML VANILLA,61,59
12/27/2025,100ML STRAWBERRY,108,13
12/27/2025,250ML STRAWBERRY,71,30
12/27/2025,500ML STRAWBERRY,53,59
12/27/2025,5L STRAWBERRY,8,450
12/28/2025,100ML VANILLA,119,13
12/28/2025,250ML VANILLA,87,30
12/28/2025,500ML VANILLA,53,59
12/28/2025,100ML STRAWBERRY,91,13
12/28/2025,250ML STRAWBERRY,68,30
12/28/2025,500ML STRAWBERRY,58,59
12/28/2025,5L STRAWBERRY,7,450
12/29/2025,100ML VANILLA,164,13
12/29/2025,250ML VANILLA,102,30
12/29/2025,500ML VANILLA,85,59
12/29/2025,100ML STRAWBERRY,134,13
12/29/2025,250ML STRAWBERRY,95,30
12/29/2025,500ML STRAWBERRY,72,59
12/29/2025,5L STRAWBERRY,12,450
12/30/2025,100ML VANILLA,161,13
12/30/2025,250ML VANILLA,107,30
12/30/2025,500ML VANILLA,76,59
12/30/2025,100ML STRAWBERRY,159,13
12/30/2025,250ML STRAWBERRY,90,30
12/30/2025,500ML STRAWBERRY,78,59
12/30/2025,5L STRAWBERRY,12,450
12/31/2025,100ML VANILLA,130,13
12/31/2025,250ML VANILLA,81,30
12/31/2025,500ML VANILLA,54,59
12/31/2025,100ML STRAWBERRY,106,13
12/31/2025,250ML STRAWBERRY,80,30
12/31/2025,500ML STRAWBERRY,57,59
12/31/2025,5L STRAWBERRY,9,450
1/1/2026,100ML VANILLA,131,13
1/1/2026,150ML VANILLA,79,20.7
1/1/2026,250ML VANILLA,79,30
1/1/2026,500ML VANILLA,71,59
1/1/2026,100ML STRAWBERRY,91,13
1/1/2026,150ML STRAWBERRY,76,20.7
1/1/2026,250ML STRAWBERRY,76,30
1/1/2026,500ML STRAWBERRY,46,59
1/1/2026,5L STRAWBERRY,9,450
1/2/2026,100ML VANILLA,136,13
1/2/2026,150ML VANILLA,93,20.7
1/2/2026,250ML VANILLA,93,30
1/2/2026,500ML VANILLA,71,59
1/2/2026,100ML STRAWBERRY,113,13
1/2/2026,250ML STRAWBERRY,80,30
1/2/2026,500ML STRAWBERRY,48,59
1/2/2026,5L STRAWBERRY,8,450
1/3/2026,100ML VANILLA,131,13
1/3/2026,250ML VANILLA,98,30
1/3/2026,500ML VANILLA,67,59
1/3/2026,100ML STRAWBERRY,98,13
1/3/2026,250ML STRAWBERRY,79,30
1/3/2026,500ML STRAWBERRY,46,59
1/3/2026,5L STRAWBERRY,8,450
1/4/2026,100ML VANILLA,111,13
1/4/2026,250ML VANILLA,100,30
1/4/2026,500ML VANILLA,69,59
1/4/2026,100ML STRAWBERRY,96,13
1/4/2026,250ML STRAWBERRY,72,30
1/4/2026,500ML STRAWBERRY,51,59
1/4/2026,5L STRAWBERRY,8,450
1/5/2026,100ML VANILLA,182,13
1/5/2026,250ML VANILLA,129,30
1/5/2026,500ML VANILLA,88,59
1/5/2026,100ML STRAWBERRY,122,13
1/5/2026,250ML STRAWBERRY,108,30
1/5/2026,500ML STRAWBERRY,80,59
1/5/2026,5L STRAWBERRY,13,450
1/6/2026,100ML VANILLA,193,13
1/6/2026,250ML VANILLA,128,30
1/6/2026,500ML VANILLA,92,59
1/6/2026,100ML STRAWBERRY,146,13
1/6/2026,250ML STRAWBERRY,104,30
1/6/2026,500ML STRAWBERRY,77,59
1/6/2026,5L STRAWBERRY,11,450
1/7/2026,100ML VANILLA,137,13
1/7/2026,250ML VANILLA,80,30
1/7/2026,500ML VANILLA,68,59
1/7/2026,100ML STRAWBERRY,115,13
1/7/2026,250ML STRAWBERRY,66,30
1/7/2026,500ML STRAWBERRY,58,59
1/7/2026,5L STRAWBERRY,8,450
1/8/2026,100ML VANILLA,128,13
1/8/2026,250ML VANILLA,80,30
1/8/2026,500ML VANILLA,62,59
1/8/2026,100ML STRAWBERRY,89,13
1/8/2026,250ML STRAWBERRY,67,30
1/8/2026,500ML STRAWBERRY,59,59
1/8/2026,5L STRAWBERRY,8,450
1/9/2026,100ML VANILLA,138,13
1/9/2026,150ML VANILLA,83,20.7
1/9/2026,250ML VANILLA,83,30
1/9/2026,500ML VANILLA,69,59
1/9/2026,100ML STRAWBERRY,107,13
1/9/2026,150ML STRAWBERRY,67,20.7
1/9/2026,250ML STRAWBERRY,67,30
1/9/2026,500ML STRAWBERRY,47,59
1/9/2026,5L STRAWBERRY,7,450
1/10/2026,100ML VANILLA,140,13
1/10/2026,250ML VANILLA,96,30
1/10/2026,500ML VANILLA,66,59
1/10/2026,100ML STRAWBERRY,105,13
1/10/2026,250ML STRAWBERRY,71,30
1/10/2026,500ML STRAWBERRY,49,59
1/10/2026,5L STRAWBERRY,7,450
1/11/2026,100ML VANILLA,129,13
1/11/2026,250ML VANILLA,96,30
1/11/2026,500ML VANILLA,60,59
1/11/2026,100ML STRAWBERRY,114,13
1/11/2026,250ML STRAWBERRY,80,30
1/11/2026,500ML STRAWBERRY,51,59
1/11/2026,5L STRAWBERRY,9,450
1/12/2026,100ML VANILLA,190,13
1/12/2026,250ML VANILLA,133,30
1/12/2026,500ML VANILLA,75,59
1/12/2026,100ML STRAWBERRY,123,13
1/12/2026,250ML STRAWBERRY,113,30
1/12/2026,500ML STRAWBERRY,72,59
1/12/2026,5L STRAWBERRY,12,450
1/13/2026,100ML VANILLA,191,13
1/13/2026,150ML VANILLA,111,20.7
1/13/2026,250ML VANILLA,111,30
1/13/2026,500ML VANILLA,88,59
1/13/2026,100ML STRAWBERRY,128,13
1/13/2026,150ML STRAWBERRY,93,20.7
1/13/2026,250ML STRAWBERRY,93,30
1/13/2026,500ML STRAWBERRY,66,59
1/13/2026,5L STRAWBERRY,13,450
1/14/2026,100ML VANILLA,141,13
1/14/2026,250ML VANILLA,93,30
1/14/2026,500ML VANILLA,52,59
1/14/2026,100ML STRAWBERRY,95,13
1/14/2026,250ML STRAWBERRY,70,30
1/14/2026,500ML STRAWBERRY,56,59
1/14/2026,5L STRAWBERRY,8,450
1/15/2026,100ML VANILLA,126,13
1/15/2026,250ML VANILLA,82,30
1/15/2026,500ML VANILLA,72,59
1/15/2026,100ML STRAWBERRY,102,13
1/15/2026,250ML STRAWBERRY,72,30
1/15/2026,500ML STRAWBERRY,51,59
1/15/2026,5L STRAWBERRY,8,450
1/16/2026,100ML VANILLA,132,13
1/16/2026,250ML VANILLA,88,30
1/16/2026,500ML VANILLA,64,59
1/16/2026,100ML STRAWBERRY,116,13
1/16/2026,250ML STRAWBERRY,76,30
1/16/2026,500ML STRAWBERRY,54,59
1/16/2026,5L STRAWBERRY,9,450
1/17/2026,100ML VANILLA,112,13
1/17/2026,250ML VANILLA,99,30
1/17/2026,500ML VANILLA,62,59
1/17/2026,100ML STRAWBERRY,115,13
1/17/2026,250ML STRAWBERRY,69,30
1/17/2026,500ML STRAWBERRY,58,59
1/17/2026,5L STRAWBERRY,8,450
1/18/2026,100ML VANILLA,136,13
1/18/2026,250ML VANILLA,100,30
1/18/2026,500ML VANILLA,68,59
1/18/2026,100ML STRAWBERRY,91,13
1/18/2026,250ML STRAWBERRY,79,30
1/18/2026,500ML STRAWBERRY,44,59
1/18/2026,5L STRAWBERRY,8,450
1/19/2026,100ML VANILLA,175,13
1/19/2026,250ML VANILLA,131,30
1/19/2026,500ML VANILLA,74,59
1/19/2026,100ML STRAWBERRY,122,13
1/19/2026,250ML STRAWBERRY,101,30
1/19/2026,500ML STRAWBERRY,63,59
1/19/2026,5L STRAWBERRY,12,450
1/20/2026,100ML VANILLA,181,13
1/20/2026,250ML VANILLA,118,30
1/20/2026,500ML VANILLA,92,59
1/20/2026,100ML STRAWBERRY,132,13
1/20/2026,250ML STRAWBERRY,108,30
1/20/2026,500ML STRAWBERRY,77,59
1/20/2026,5L STRAWBERRY,10,450
1/21/2026,100ML VANILLA,131,13
1/21/2026,250ML VANILLA,90,30
1/21/2026,500ML VANILLA,72,59
1/21/2026,100ML STRAWBERRY,113,13
1/21/2026,250ML STRAWBERRY,64,30
1/21/2026,500ML STRAWBERRY,51,59
1/21/2026,5L STRAWBERRY,7,450
1/22/2026,100ML VANILLA,137,13
1/22/2026,150ML VANILLA,86,20.7
1/22/2026,250ML VANILLA,86,30
1/22/2026,500ML VANILLA,67,59
1/22/2026,100ML STRAWBERRY,122,13
1/22/2026,150ML STRAWBERRY,74,20.7
1/22/2026,250ML STRAWBERRY,74,30
1/22/2026,500ML STRAWBERRY,60,59
1/22/2026,5L STRAWBERRY,10,450
1/23/2026,100ML VANILLA,119,13
1/23/2026,250ML VANILLA,84,30
1/23/2026,500ML VANILLA,71,59
1/23/2026,100ML STRAWBERRY,105,13
1/23/2026,250ML STRAWBERRY,69,30
1/23/2026,500ML STRAWBERRY,60,59
1/23/2026,5L STRAWBERRY,9,450
1/24/2026,100ML VANILLA,115,13
1/24/2026,250ML VANILLA,108,30
1/24/2026,500ML VANILLA,68,59
1/24/2026,100ML STRAWBERRY,97,13
1/24/2026,250ML STRAWBERRY,85,30
1/24/2026,500ML STRAWBERRY,53,59
1/24/2026,5L STRAWBERRY,9,450
1/25/2026,100ML VANILLA,143,13
1/25/2026,250ML VANILLA,108,30
1/25/2026,500ML VANILLA,60,59
1/25/2026,100ML STRAWBERRY,117,13
1/25/2026,250ML STRAWBERRY,84,30
1/25/2026,500ML STRAWBERRY,57,59
1/25/2026,5L STRAWBERRY,9,450
1/26/2026,100ML VANILLA,167,13
1/26/2026,250ML VANILLA,124,30
1/26/2026,500ML VANILLA,80,59
1/26/2026,100ML STRAWBERRY,166,13
1/26/2026,250ML STRAWBERRY,109,30
1/26/2026,500ML STRAWBERRY,66,59
1/26/2026,5L STRAWBERRY,12,450
1/27/2026,100ML VANILLA,184,13
1/27/2026,250ML VANILLA,121,30
1/27/2026,500ML VANILLA,86,59
1/27/2026,100ML STRAWBERRY,167,13
1/27/2026,150ML STRAWBERRY,117,20.7
1/27/2026,250ML STRAWBERRY,117,30
1/27/2026,500ML STRAWBERRY,72,59
1/27/2026,5L STRAWBERRY,12,450
1/28/2026,100ML VANILLA,121,13
1/28/2026,250ML VANILLA,94,30
1/28/2026,500ML VANILLA,59,59
1/28/2026,100ML STRAWBERRY,110,13
1/28/2026,150ML STRAWBERRY,83,20.7
1/28/2026,250ML STRAWBERRY,83,30
1/28/2026,500ML STRAWBERRY,49,59
1/28/2026,5L STRAWBERRY,10,450
1/29/2026,100ML VANILLA,126,13
1/29/2026,250ML VANILLA,82,30
1/29/2026,500ML VANILLA,72,59
1/29/2026,100ML STRAWBERRY,110,13
1/29/2026,250ML STRAWBERRY,87,30
1/29/2026,500ML STRAWBERRY,49,59
1/29/2026,5L STRAWBERRY,9,450
1/30/2026,100ML VANILLA,149,13
1/30/2026,250ML VANILLA,102,30
1/30/2026,500ML VANILLA,60,59
1/30/2026,100ML STRAWBERRY,119,13
1/30/2026,250ML STRAWBERRY,75,30
1/30/2026,500ML STRAWBERRY,56,59
1/30/2026,5L STRAWBERRY,10,450
1/31/2026,100ML VANILLA,139,13
1/31/2026,250ML VANILLA,101,30
1/31/2026,500ML VANILLA,71,59
1/31/2026,100ML STRAWBERRY,123,13
1/31/2026,250ML STRAWBERRY,71,30
1/31/2026,500ML STRAWBERRY,49,59
1/31/2026,5L STRAWBERRY,9,450
2/1/2026,100ML VANILLA,133,13
2/1/2026,250ML VANILLA,107,30
2/1/2026,500ML VANILLA,59,59
2/1/2026,100ML STRAWBERRY,122,13
2/1/2026,250ML STRAWBERRY,83,30
2/1/2026,500ML STRAWBERRY,53,59
2/1/2026,5L STRAWBERRY,10,450
2/2/2026,100ML VANILLA,193,13
2/2/2026,250ML VANILLA,116,30
2/2/2026,500ML VANILLA,82,59
2/2/2026,100ML STRAWBERRY,157,13
2/2/2026,250ML STRAWBERRY,92,30
2/2/2026,500ML STRAWBERRY,71,59
2/2/2026,5L STRAWBERRY,12,450
2/3/2026,100ML VANILLA,174,13
2/3/2026,250ML VANILLA,138,30
2/3/2026,500ML VANILLA,95,59
2/3/2026,100ML STRAWBERRY,153,13
2/3/2026,250ML STRAWBERRY,93,30
2/3/2026,500ML STRAWBERRY,71,59
2/3/2026,5L STRAWBERRY,13,450
2/4/2026,100ML VANILLA,140,13
2/4/2026,250ML VANILLA,102,30
2/4/2026,500ML VANILLA,75,59
2/4/2026,100ML STRAWBERRY,118,13
2/4/2026,250ML STRAWBERRY,75,30
2/4/2026,500ML STRAWBERRY,55,59
2/4/2026,5L STRAWBERRY,8,450
2/5/2026,100ML VANILLA,128,13
2/5/2026,250ML VANILLA,89,30
2/5/2026,500ML VANILLA,73,59
2/5/2026,100ML STRAWBERRY,98,13
2/5/2026,250ML STRAWBERRY,81,30
2/5/2026,500ML STRAWBERRY,62,59
2/5/2026,5L STRAWBERRY,10,450
2/6/2026,100ML VANILLA,125,13
2/6/2026,250ML VANILLA,92,30
2/6/2026,500ML VANILLA,73,59
2/6/2026,100ML STRAWBERRY,128,13
2/6/2026,250ML STRAWBERRY,76,30
2/6/2026,500ML STRAWBERRY,54,59
2/6/2026,5L STRAWBERRY,8,450
2/7/2026,100ML VANILLA,149,13
2/7/2026,250ML VANILLA,84,30
2/7/2026,500ML VANILLA,66,59
2/7/2026,100ML STRAWBERRY,101,13
2/7/2026,250ML STRAWBERRY,73,30
2/7/2026,500ML STRAWBERRY,64,59
2/7/2026,5L STRAWBERRY,8,450
2/8/2026,100ML VANILLA,112,13
2/8/2026,250ML VANILLA,93,30
2/8/2026,500ML VANILLA,71,59
2/8/2026,100ML STRAWBERRY,111,13
2/8/2026,250ML STRAWBERRY,75,30
2/8/2026,500ML STRAWBERRY,56,59
2/8/2026,5L STRAWBERRY,8,450
2/9/2026,100ML VANILLA,175,13
2/9/2026,250ML VANILLA,133,30
2/9/2026,500ML VANILLA,86,59
2/9/2026,100ML STRAWBERRY,160,13
2/9/2026,250ML STRAWBERRY,100,30
2/9/2026,500ML STRAWBERRY,83,59
2/9/2026,5L STRAWBERRY,14,450
2/10/2026,100ML VANILLA,161,13
2/10/2026,250ML VANILLA,133,30
2/10/2026,500ML VANILLA,90,59
2/10/2026,100ML STRAWBERRY,166,13
2/10/2026,250ML STRAWBERRY,105,30
2/10/2026,500ML STRAWBERRY,65,59
2/10/2026,5L STRAWBERRY,12,450
2/11/2026,100ML VANILLA,133,13
2/11/2026,250ML VANILLA,87,30
2/11/2026,500ML VANILLA,58,59
2/11/2026,100ML STRAWBERRY,126,13
2/11/2026,250ML STRAWBERRY,85,30
2/11/2026,500ML STRAWBERRY,58,59
2/11/2026,5L STRAWBERRY,9,450
2/12/2026,100ML VANILLA,123,13
2/12/2026,250ML VANILLA,87,30
2/12/2026,500ML VANILLA,73,59
2/12/2026,100ML STRAWBERRY,101,13
2/12/2026,250ML STRAWBERRY,74,30
2/12/2026,500ML STRAWBERRY,51,59
2/12/2026,5L STRAWBERRY,10,450
2/13/2026,100ML VANILLA,138,13
2/13/2026,250ML VANILLA,104,30
2/13/2026,500ML VANILLA,60,59
2/13/2026,100ML STRAWBERRY,102,13
2/13/2026,250ML STRAWBERRY,85,30
2/13/2026,500ML STRAWBERRY,56,59
2/13/2026,5L STRAWBERRY,9,450
2/14/2026,100ML VANILLA,119,13
2/14/2026,250ML VANILLA,96,30
2/14/2026,500ML VANILLA,59,59
2/14/2026,100ML STRAWBERRY,113,13
2/14/2026,250ML STRAWBERRY,84,30
2/14/2026,500ML STRAWBERRY,58,59
2/14/2026,5L STRAWBERRY,9,450
2/15/2026,100ML VANILLA,120,13
2/15/2026,250ML VANILLA,94,30
2/15/2026,500ML VANILLA,67,59
2/15/2026,100ML STRAWBERRY,116,13
2/15/2026,250ML STRAWBERRY,69,30
2/15/2026,500ML STRAWBERRY,59,59
2/15/2026,5L STRAWBERRY,9,450
2/16/2026,100ML VANILLA,173,13
2/16/2026,250ML VANILLA,143,30
2/16/2026,500ML VANILLA,91,59
2/16/2026,100ML STRAWBERRY,162,13
2/16/2026,250ML STRAWBERRY,114,30
2/16/2026,500ML STRAWBERRY,69,59
2/16/2026,5L STRAWBERRY,13,450
2/17/2026,100ML VANILLA,182,13
2/17/2026,250ML VANILLA,128,30
2/17/2026,500ML VANILLA,80,59
2/17/2026,100ML STRAWBERRY,165,13
2/17/2026,250ML STRAWBERRY,106,30
2/17/2026,500ML STRAWBERRY,83,59
2/17/2026,5L STRAWBERRY,12,450
2/18/2026,100ML VANILLA,114,13
2/18/2026,250ML VANILLA,84,30
2/18/2026,500ML VANILLA,65,59
2/18/2026,100ML STRAWBERRY,124,13
2/18/2026,250ML STRAWBERRY,68,30
2/18/2026,500ML STRAWBERRY,51,59
2/18/2026,5L STRAWBERRY,9,450
2/19/2026,100ML VANILLA,148,13
2/19/2026,250ML VANILLA,95,30
2/19/2026,500ML VANILLA,67,59
2/19/2026,100ML STRAWBERRY,117,13
2/19/2026,250ML STRAWBERRY,69,30
2/19/2026,500ML STRAWBERRY,49,59
2/19/2026,5L STRAWBERRY,8,450
2/20/2026,100ML VANILLA,118,13
2/20/2026,250ML VANILLA,90,30
2/20/2026,500ML VANILLA,70,59
2/20/2026,100ML STRAWBERRY,105,13
2/20/2026,250ML STRAWBERRY,89,30
2/20/2026,500ML STRAWBERRY,57,59
2/20/2026,5L STRAWBERRY,10,450
2/21/2026,100ML VANILLA,136,13
2/21/2026,250ML VANILLA,86,30
2/21/2026,500ML VANILLA,69,59
2/21/2026,100ML STRAWBERRY,106,13
2/21/2026,250ML STRAWBERRY,80,30
2/21/2026,500ML STRAWBERRY,52,59
2/21/2026,5L STRAWBERRY,10,450
2/22/2026,100ML VANILLA,158,13
2/22/2026,250ML VANILLA,106,30
2/22/2026,500ML VANILLA,74,59
2/22/2026,100ML STRAWBERRY,116,13
2/22/2026,250ML STRAWBERRY,80,30
2/22/2026,500ML STRAWBERRY,51,59
2/22/2026,5L STRAWBERRY,8,450
2/23/2026,100ML VANILLA,196,13
2/23/2026,250ML VANILLA,149,30
2/23/2026,500ML VANILLA,109,59
2/23/2026,100ML STRAWBERRY,136,13
2/23/2026,250ML STRAWBERRY,105,30
2/23/2026,500ML STRAWBERRY,74,59
2/23/2026,5L STRAWBERRY,13,450
2/24/2026,100ML VANILLA,203,13
2/24/2026,250ML VANILLA,124,30
2/24/2026,500ML VANILLA,92,59
2/24/2026,100ML STRAWBERRY,169,13
2/24/2026,250ML STRAWBERRY,114,30
2/24/2026,500ML STRAWBERRY,83,59
2/24/2026,5L STRAWBERRY,11,450
2/25/2026,100ML VANILLA,143,13
2/25/2026,250ML VANILLA,108,30
2/25/2026,500ML VANILLA,79,59
2/25/2026,100ML STRAWBERRY,127,13
2/25/2026,250ML STRAWBERRY,77,30
2/25/2026,500ML STRAWBERRY,65,59
2/25/2026,5L STRAWBERRY,11,450
2/26/2026,100ML VANILLA,124,13
2/26/2026,250ML VANILLA,96,30
2/26/2026,500ML VANILLA,72,59
2/26/2026,100ML STRAWBERRY,121,13
2/26/2026,250ML STRAWBERRY,92,30
2/26/2026,500ML STRAWBERRY,54,59
2/26/2026,5L STRAWBERRY,9,450
2/27/2026,100ML VANILLA,155,13
2/27/2026,250ML VANILLA,102,30
2/27/2026,500ML VANILLA,62,59
2/27/2026,100ML STRAWBERRY,125,13
2/27/2026,250ML STRAWBERRY,89,30
2/27/2026,500ML STRAWBERRY,60,59
2/27/2026,5L STRAWBERRY,10,450
2/28/2026,100ML VANILLA,151,13
2/28/2026,250ML VANILLA,107,30
2/28/2026,500ML VANILLA,63,59
2/28/2026,100ML STRAWBERRY,118,13
2/28/2026,250ML STRAWBERRY,69,30
2/28/2026,500ML STRAWBERRY,52,59
2/28/2026,5L STRAWBERRY,10,450
3/1/2026,100ML VANILLA,127,13
3/1/2026,250ML VANILLA,113,30
3/1/2026,500ML VANILLA,77,59
3/1/2026,100ML STRAWBERRY,131,13
3/1/2026,250ML STRAWBERRY,76,30
3/1/2026,500ML STRAWBERRY,51,59
3/1/2026,5L STRAWBERRY,8,450
3/2/2026,100ML VANILLA,195,13
3/2/2026,250ML VANILLA,125,30
3/2/2026,500ML VANILLA,86,59
3/2/2026,100ML STRAWBERRY,139,13
3/2/2026,250ML STRAWBERRY,118,30
3/2/2026,500ML STRAWBERRY,91,59
3/2/2026,5L STRAWBERRY,12,450
3/3/2026,100ML VANILLA,194,13
3/3/2026,250ML VANILLA,138,30
3/3/2026,500ML VANILLA,90,59
3/3/2026,100ML STRAWBERRY,146,13
3/3/2026,250ML STRAWBERRY,102,30
3/3/2026,500ML STRAWBERRY,80,59
3/3/2026,5L STRAWBERRY,13,450
3/4/2026,100ML VANILLA,126,13
3/4/2026,250ML VANILLA,111,30
3/4/2026,500ML VANILLA,60,59
3/4/2026,100ML STRAWBERRY,128,13
3/4/2026,250ML STRAWBERRY,73,30
3/4/2026,500ML STRAWBERRY,61,59
3/4/2026,5L STRAWBERRY,10,450
3/5/2026,100ML VANILLA,135,13
3/5/2026,250ML VANILLA,91,30
3/5/2026,500ML VANILLA,79,59
3/5/2026,100ML STRAWBERRY,110,13
3/5/2026,250ML STRAWBERRY,92,30
3/5/2026,500ML STRAWBERRY,63,59
3/5/2026,5L STRAWBERRY,9,450
3/6/2026,100ML VANILLA,131,13
3/6/2026,250ML VANILLA,103,30
3/6/2026,500ML VANILLA,78,59
3/6/2026,100ML STRAWBERRY,107,13
3/6/2026,250ML STRAWBERRY,73,30
3/6/2026,500ML STRAWBERRY,62,59
3/6/2026,5L STRAWBERRY,9,450
3/7/2026,100ML VANILLA,126,13
3/7/2026,250ML VANILLA,91,30
3/7/2026,500ML VANILLA,69,59
3/7/2026,100ML STRAWBERRY,108,13
3/7/2026,250ML STRAWBERRY,86,30
3/7/2026,500ML STRAWBERRY,58,59
3/7/2026,5L STRAWBERRY,9,450
3/8/2026,100ML VANILLA,144,13
3/8/2026,250ML VANILLA,99,30
3/8/2026,500ML VANILLA,72,59
3/8/2026,100ML STRAWBERRY,105,13
3/8/2026,250ML STRAWBERRY,71,30
3/8/2026,500ML STRAWBERRY,50,59
3/8/2026,5L STRAWBERRY,9,450
3/9/2026,100ML VANILLA,205,13
3/9/2026,250ML VANILLA,120,30
3/9/2026,500ML VANILLA,106,59
3/9/2026,100ML STRAWBERRY,145,13
3/9/2026,250ML STRAWBERRY,107,30
3/9/2026,500ML STRAWBERRY,82,59
3/9/2026,5L STRAWBERRY,11,450
3/10/2026,100ML VANILLA,204,13
3/10/2026,250ML VANILLA,125,30
3/10/2026,500ML VANILLA,89,59
3/10/2026,100ML STRAWBERRY,138,13
3/10/2026,250ML STRAWBERRY,123,30
3/10/2026,500ML STRAWBERRY,69,59
3/10/2026,5L STRAWBERRY,12,450
3/11/2026,100ML VANILLA,129,13
3/11/2026,250ML VANILLA,104,30
3/11/2026,500ML VANILLA,71,59
3/11/2026,100ML STRAWBERRY,122,13
3/11/2026,250ML STRAWBERRY,75,30
3/11/2026,500ML STRAWBERRY,65,59
3/11/2026,5L STRAWBERRY,11,450
3/12/2026,100ML VANILLA,141,13
3/12/2026,250ML VANILLA,88,30
3/12/2026,500ML VANILLA,67,59
3/12/2026,100ML STRAWBERRY,116,13
3/12/2026,250ML STRAWBERRY,94,30
3/12/2026,500ML STRAWBERRY,59,59
3/12/2026,5L STRAWBERRY,8,450
3/13/2026,100ML VANILLA,148,13
3/13/2026,250ML VANILLA,107,30
3/13/2026,500ML VANILLA,80,59
3/13/2026,100ML STRAWBERRY,105,13
3/13/2026,250ML STRAWBERRY,86,30
3/13/2026,500ML STRAWBERRY,66,59
3/13/2026,5L STRAWBERRY,10,450
3/14/2026,100ML VANILLA,141,13
3/14/2026,250ML VANILLA,104,30
3/14/2026,500ML VANILLA,68,59
3/14/2026,100ML STRAWBERRY,104,13
3/14/2026,150ML STRAWBERRY,84,20.7
3/14/2026,250ML STRAWBERRY,84,30
3/14/2026,500ML STRAWBERRY,66,59
3/14/2026,5L STRAWBERRY,11,450
3/15/2026,100ML VANILLA,162,13
3/15/2026,150ML VANILLA,94,20.7
3/15/2026,250ML VANILLA,94,30
3/15/2026,500ML VANILLA,79,59
3/15/2026,100ML STRAWBERRY,111,13
3/15/2026,250ML STRAWBERRY,76,30
3/15/2026,500ML STRAWBERRY,60,59
3/15/2026,5L STRAWBERRY,10,450
3/16/2026,100ML VANILLA,183,13
3/16/2026,250ML VANILLA,147,30
3/16/2026,500ML VANILLA,110,59
3/16/2026,100ML STRAWBERRY,170,13
3/16/2026,250ML STRAWBERRY,97,30
3/16/2026,500ML STRAWBERRY,83,59
3/16/2026,5L STRAWBERRY,12,450
3/17/2026,100ML VANILLA,202,13
3/17/2026,250ML VANILLA,118,30
3/17/2026,500ML VANILLA,96,59
3/17/2026,100ML STRAWBERRY,152,13
3/17/2026,250ML STRAWBERRY,113,30
3/17/2026,500ML STRAWBERRY,74,59
3/17/2026,5L STRAWBERRY,12,450
3/18/2026,100ML VANILLA,148,13
3/18/2026,250ML VANILLA,88,30
3/18/2026,500ML VANILLA,64,59
3/18/2026,100ML STRAWBERRY,109,13
3/18/2026,250ML STRAWBERRY,72,30
3/18/2026,500ML STRAWBERRY,59,59
3/18/2026,5L STRAWBERRY,10,450
3/19/2026,100ML VANILLA,135,13
3/19/2026,250ML VANILLA,89,30
3/19/2026,500ML VANILLA,67,59
3/19/2026,100ML STRAWBERRY,121,13
3/19/2026,250ML STRAWBERRY,79,30
3/19/2026,500ML STRAWBERRY,62,59
3/19/2026,5L STRAWBERRY,9,450
3/20/2026,100ML VANILLA,131,13
3/20/2026,250ML VANILLA,103,30
3/20/2026,500ML VANILLA,72,59
3/20/2026,100ML STRAWBERRY,132,13
3/20/2026,250ML STRAWBERRY,75,30
3/20/2026,500ML STRAWBERRY,54,59
3/20/2026,5L STRAWBERRY,10,450
3/21/2026,100ML VANILLA,140,13
3/21/2026,150ML VANILLA,95,20.7
3/21/2026,250ML VANILLA,95,30
3/21/2026,500ML VANILLA,70,59
3/21/2026,100ML STRAWBERRY,115,13
3/21/2026,150ML STRAWBERRY,86,20.7
3/21/2026,250ML STRAWBERRY,86,30
3/21/2026,500ML STRAWBERRY,55,59
3/21/2026,5L STRAWBERRY,9,450
3/22/2026,100ML VANILLA,145,13
3/22/2026,250ML VANILLA,109,30
3/22/2026,500ML VANILLA,67,59
3/22/2026,100ML STRAWBERRY,127,13
3/22/2026,250ML STRAWBERRY,80,30
3/22/2026,500ML STRAWBERRY,51,59
3/22/2026,5L STRAWBERRY,10,450
3/23/2026,100ML VANILLA,169,13
3/23/2026,250ML VANILLA,136,30
3/23/2026,500ML VANILLA,83,59
3/23/2026,100ML STRAWBERRY,168,13
3/23/2026,250ML STRAWBERRY,97,30
3/23/2026,500ML STRAWBERRY,71,59
3/23/2026,5L STRAWBERRY,13,450
3/24/2026,100ML VANILLA,258,13
3/24/2026,250ML VANILLA,167,30
3/24/2026,500ML VANILLA,138,59
3/24/2026,100ML STRAWBERRY,207,13
3/24/2026,250ML STRAWBERRY,124,30
3/24/2026,500ML STRAWBERRY,105,59
3/24/2026,5L STRAWBERRY,15,450
3/25/2026,100ML VANILLA,181,13
3/25/2026,250ML VANILLA,125,30
3/25/2026,500ML VANILLA,83,59
3/25/2026,100ML STRAWBERRY,174,13
3/25/2026,250ML STRAWBERRY,119,30
3/25/2026,500ML STRAWBERRY,84,59
3/25/2026,5L STRAWBERRY,14,450
3/26/2026,100ML VANILLA,182,13
3/26/2026,250ML VANILLA,118,30
3/26/2026,500ML VANILLA,96,59
3/26/2026,100ML STRAWBERRY,166,13
3/26/2026,250ML STRAWBERRY,107,30
3/26/2026,500ML STRAWBERRY,79,59
3/26/2026,5L STRAWBERRY,12,450
3/27/2026,100ML VANILLA,179,13
3/27/2026,250ML VANILLA,117,30
3/27/2026,500ML VANILLA,88,59
3/27/2026,100ML STRAWBERRY,153,13
3/27/2026,250ML STRAWBERRY,93,30
3/27/2026,500ML STRAWBERRY,79,59
3/27/2026,5L STRAWBERRY,12,450
3/28/2026,100ML VANILLA,201,13
3/28/2026,250ML VANILLA,130,30
3/28/2026,500ML VANILLA,84,59
3/28/2026,100ML STRAWBERRY,145,13
3/28/2026,250ML STRAWBERRY,108,30
3/28/2026,500ML STRAWBERRY,82,59
3/28/2026,5L STRAWBERRY,11,450
3/29/2026,100ML VANILLA,177,13
3/29/2026,150ML VANILLA,125,20.7
3/29/2026,250ML VANILLA,125,30
3/29/2026,500ML VANILLA,100,59
3/29/2026,100ML STRAWBERRY,166,13
3/29/2026,150ML STRAWBERRY,102,20.7
3/29/2026,250ML STRAWBERRY,102,30
3/29/2026,500ML STRAWBERRY,81,59
3/29/2026,5L STRAWBERRY,12,450
3/30/2026,100ML VANILLA,249,13
3/30/2026,250ML VANILLA,193,30
3/30/2026,500ML VANILLA,112,59
3/30/2026,100ML STRAWBERRY,236,13
3/30/2026,250ML STRAWBERRY,152,30
3/30/2026,500ML STRAWBERRY,89,59
3/30/2026,5L STRAWBERRY,15,450
3/31/2026,100ML VANILLA,215,13
3/31/2026,250ML VANILLA,175,30
3/31/2026,500ML VANILLA,141,59
3/31/2026,100ML STRAWBERRY,221,13
3/31/2026,250ML STRAWBERRY,161,30
3/31/2026,500ML STRAWBERRY,115,59
3/31/2026,5L STRAWBERRY,16,450
4/1/2026,100ML VANILLA,188,13
4/1/2026,150ML VANILLA,141,20.7
4/1/2026,500ML VANILLA,100,59
4/1/2026,100ML STRAWBERRY,166,13
4/1/2026,500ML STRAWBERRY,72,59
4/2/2026,100ML VANILLA,173,13
4/2/2026,250ML VANILLA,122,30
4/2/2026,500ML VANILLA,83,59
4/2/2026,100ML STRAWBERRY,167,13
4/2/2026,250ML STRAWBERRY,111,30
4/2/2026,500ML STRAWBERRY,80,59
4/2/2026,5L STRAWBERRY,13,450
4/3/2026,100ML VANILLA,179,13
4/3/2026,250ML VANILLA,130,30
4/3/2026,500ML VANILLA,84,59
4/3/2026,100ML STRAWBERRY,173,13
4/3/2026,250ML STRAWBERRY,107,30
4/3/2026,500ML STRAWBERRY,79,59
4/3/2026,5L STRAWBERRY,12,450
4/4/2026,100ML VANILLA,185,13
4/4/2026,150ML VANILLA,116,20.7
4/4/2026,250ML VANILLA,116,30
4/4/2026,500ML VANILLA,87,59
4/4/2026,100ML STRAWBERRY,134,13
4/4/2026,150ML STRAWBERRY,100,20.7
4/4/2026,250ML STRAWBERRY,100,30
4/4/2026,500ML STRAWBERRY,72,59
4/4/2026,5L STRAWBERRY,12,450
4/5/2026,100ML VANILLA,204,13
4/5/2026,150ML VANILLA,122,20.7
4/5/2026,250ML VANILLA,122,30
4/5/2026,500ML VANILLA,79,59
4/5/2026,100ML STRAWBERRY,172,13
4/5/2026,150ML STRAWBERRY,109,20.7
4/5/2026,250ML STRAWBERRY,109,30
4/5/2026,500ML STRAWBERRY,88,59
4/5/2026,5L STRAWBERRY,12,450
4/6/2026,100ML VANILLA,259,13
4/6/2026,150ML VANILLA,172,20.7
4/6/2026,250ML VANILLA,172,30
4/6/2026,500ML VANILLA,113,59
4/6/2026,100ML STRAWBERRY,198,13
4/6/2026,250ML STRAWBERRY,138,30
4/6/2026,500ML STRAWBERRY,94,59
4/6/2026,5L STRAWBERRY,17,450
4/7/2026,100ML VANILLA,257,13
4/7/2026,150ML VANILLA,159,20.7
4/7/2026,250ML VANILLA,159,30
4/7/2026,500ML VANILLA,139,59
4/7/2026,100ML STRAWBERRY,220,13
4/7/2026,150ML STRAWBERRY,122,20.7
4/7/2026,250ML STRAWBERRY,122,30
4/7/2026,500ML STRAWBERRY,119,59
4/7/2026,5L STRAWBERRY,17,450
4/8/2026,100ML VANILLA,183,13
4/8/2026,250ML VANILLA,119,30
4/8/2026,150ML VANILLA,119,20.7
4/8/2026,500ML VANILLA,81,59
4/8/2026,100ML STRAWBERRY,162,13
4/8/2026,250ML STRAWBERRY,100,30
4/8/2026,500ML STRAWBERRY,85,59
4/8/2026,5L STRAWBERRY,11,450
4/9/2026,100ML VANILLA,204,13
4/9/2026,250ML VANILLA,145,30
4/9/2026,500ML VANILLA,100,59
4/9/2026,100ML STRAWBERRY,134,13
4/9/2026,250ML STRAWBERRY,115,30
4/9/2026,500ML STRAWBERRY,74,59
4/9/2026,5L STRAWBERRY,12,450
4/10/2026,100ML VANILLA,212,13
4/10/2026,250ML VANILLA,121,30
4/10/2026,500ML VANILLA,80,59
4/10/2026,100ML STRAWBERRY,158,13
4/10/2026,250ML STRAWBERRY,114,30
4/10/2026,500ML STRAWBERRY,84,59
4/10/2026,5L STRAWBERRY,14,450
4/11/2026,100ML VANILLA,195,13
4/11/2026,250ML VANILLA,113,30
4/11/2026,500ML VANILLA,81,59
4/11/2026,100ML STRAWBERRY,148,13
4/11/2026,250ML STRAWBERRY,100,30
4/11/2026,500ML STRAWBERRY,80,59
4/11/2026,5L STRAWBERRY,11,450
4/12/2026,100ML VANILLA,174,13
4/12/2026,250ML VANILLA,131,30
4/12/2026,500ML VANILLA,87,59
4/12/2026,100ML STRAWBERRY,142,13
4/12/2026,250ML STRAWBERRY,121,30
4/12/2026,500ML STRAWBERRY,73,59
4/12/2026,5L STRAWBERRY,12,450
4/13/2026,100ML VANILLA,267,13
4/13/2026,250ML VANILLA,151,30
4/13/2026,500ML VANILLA,133,59
4/13/2026,100ML STRAWBERRY,194,13
4/13/2026,250ML STRAWBERRY,126,30
4/13/2026,500ML STRAWBERRY,96,59
4/13/2026,5L STRAWBERRY,15,450
4/14/2026,100ML VANILLA,269,13
4/14/2026,250ML VANILLA,202,30
4/14/2026,150ML VANILLA,202,20.7
4/14/2026,500ML VANILLA,132,59
4/14/2026,100ML STRAWBERRY,187,13
4/14/2026,250ML STRAWBERRY,126,30
4/14/2026,500ML STRAWBERRY,100,59
4/14/2026,5L STRAWBERRY,15,450
4/15/2026,100ML VANILLA,193,13
4/15/2026,250ML VANILLA,146,30
4/15/2026,500ML VANILLA,80,59
4/15/2026,100ML STRAWBERRY,142,13
4/15/2026,250ML STRAWBERRY,94,30
4/15/2026,500ML STRAWBERRY,79,59
4/15/2026,5L STRAWBERRY,11,450
4/16/2026,100ML VANILLA,202,13
4/16/2026,250ML VANILLA,146,30
4/16/2026,150ML VANILLA,146,20.7
4/16/2026,500ML VANILLA,95,59
4/16/2026,100ML STRAWBERRY,146,13
4/16/2026,150ML STRAWBERRY,107,20.7
4/16/2026,500ML STRAWBERRY,82,59
4/16/2026,5L STRAWBERRY,11,450
4/17/2026,100ML VANILLA,179,13
4/17/2026,150ML VANILLA,136,20.7
4/17/2026,500ML VANILLA,105,59
4/17/2026,100ML STRAWBERRY,159,13
4/17/2026,250ML STRAWBERRY,107,30
4/17/2026,500ML STRAWBERRY,74,59
4/17/2026,5L STRAWBERRY,14,450
4/18/2026,100ML VANILLA,158,13
4/18/2026,250ML VANILLA,146,30
4/18/2026,150ML VANILLA,146,20.7
4/18/2026,500ML VANILLA,87,59
4/18/2026,100ML STRAWBERRY,148,13
4/18/2026,250ML STRAWBERRY,112,30
4/18/2026,500ML STRAWBERRY,80,59
4/18/2026,5L STRAWBERRY,14,450
4/19/2026,100ML VANILLA,167,13
4/19/2026,250ML VANILLA,124,30
4/19/2026,500ML VANILLA,85,59
4/19/2026,100ML STRAWBERRY,153,13
4/19/2026,250ML STRAWBERRY,124,30
4/19/2026,500ML STRAWBERRY,85,59
4/19/2026,5L STRAWBERRY,10,450
4/20/2026,100ML VANILLA,236,13
4/20/2026,250ML VANILLA,163,30
4/20/2026,500ML VANILLA,113,59
4/20/2026,100ML STRAWBERRY,192,13
4/20/2026,250ML STRAWBERRY,131,30
4/20/2026,500ML STRAWBERRY,94,59
4/20/2026,5L STRAWBERRY,14,450
4/21/2026,100ML VANILLA,218,13
4/21/2026,250ML VANILLA,198,30
4/21/2026,500ML VANILLA,109,59
4/21/2026,100ML STRAWBERRY,182,13
4/21/2026,250ML STRAWBERRY,136,30
4/21/2026,500ML STRAWBERRY,108,59
4/21/2026,5L STRAWBERRY,16,450
4/22/2026,100ML VANILLA,192,13
4/22/2026,150ML VANILLA,117,20.7
4/22/2026,500ML VANILLA,93,59
4/22/2026,100ML STRAWBERRY,148,13
4/22/2026,250ML STRAWBERRY,119,30
4/22/2026,150ML STRAWBERRY,119,20.7
4/22/2026,500ML STRAWBERRY,79,59
4/22/2026,5L STRAWBERRY,11,450
4/23/2026,100ML VANILLA,202,13
4/23/2026,250ML VANILLA,129,30
4/23/2026,500ML VANILLA,89,59
4/23/2026,100ML STRAWBERRY,158,13
4/23/2026,250ML STRAWBERRY,91,30
4/23/2026,150ML STRAWBERRY,91,20.7
4/23/2026,500ML STRAWBERRY,84,59
4/23/2026,5L STRAWBERRY,13,450
